,id,scrape_id,host_id,host_listings_count,host_total_listings_count,neighbourhood_group_cleansed,latitude,longitude,accommodates,bathrooms,bedrooms,beds,minimum_nights,maximum_nights,minimum_minimum_nights,maximum_minimum_nights,minimum_maximum_nights,maximum_maximum_nights,minimum_nights_avg_ntm,maximum_nights_avg_ntm,calendar_updated,availability_30,availability_60,availability_90,availability_365,number_of_reviews,number_of_reviews_ltm,number_of_reviews_l30d,review_scores_rating,review_scores_accuracy,review_scores_cleanliness,review_scores_checkin,review_scores_communication,review_scores_location,review_scores_value,license,calculated_host_listings_count,calculated_host_listings_count_entire_homes,calculated_host_listings_count_private_rooms,calculated_host_listings_count_shared_rooms,reviews_per_month,listing_url,last_scraped,source,name,description,neighborhood_overview,picture_url,host_url,host_name,host_since,host_location,host_about,host_response_time,host_response_rate,host_acceptance_rate,host_is_superhost,host_thumbnail_url,host_picture_url,host_neighbourhood,host_verifications,host_has_profile_pic,host_identity_verified,neighbourhood,neighbourhood_cleansed,property_type,room_type,bathrooms_text,amenities,price,has_availability,calendar_last_scraped,first_review,last_review,instant_bookable
21,131610.0,20230329041210,647454,3.0,4.0,0.0,19.35416,-99.16488,2.0,0.0,1.0,1.0,1.0,730.0,1.0,1.0,730.0,0.0,1.0,730.0,0.0,28.0,58.0,88.0,88.0,0.0,0.0,0.0,0.0,0.0,0.0,0.0,0.0,0.0,0.0,0.0,3.0,1.0,2.0,0.0,0.0,https://www.airbnb.com/rooms/131610,2023-03-29,city scrape,MARIA DEL ALMA,"<b>The space</b><br />VIVE LA EXPERIENCIA DE COYOACAN EN UNA HERMOSA CASA CON JARDINES Y TERRAZA COMPARTIDAS, SEGURIDAD Y ATENCION FAMILIAR, EN LA ZONA MAS EMBLEMATICA DE LA CIUDAD RODEADA DE HISTORIA ( FRIDA KALHO, LEON TROSTKY, STA. CAATARINA, LA MALINCHE, LA CONCHITA, SAN JUAN BAUTISTA, MUJSEO DE LAS CULTURAS POPULARES ETC...) GASTRONOMIA MEXICANA",--,https://a0.muscache.com/pictures/837085/b9ed71bf_original.jpg,https://www.airbnb.com/users/show/647454,Fernando,2011-05-31,"Mexico City, Mexico",--,within a few hours,100%,--,f,https://a0.muscache.com/im/pictures/user/0e6672ca-5950-4e04-932e-952e96caf7dd.jpg?aki_policy=profile_small,https://a0.muscache.com/im/pictures/user/0e6672ca-5950-4e04-932e-952e96caf7dd.jpg?aki_policy=profile_x_medium,Coyoacán,['phone'],t,f,--,Coyoacán,Private room,Private room,1 private bath,"[""Patio or balcony"", ""Wifi"", ""Breakfast"", ""Luggage dropoff allowed"", ""Long term stays allowed"", ""Fire extinguisher"", ""Smoking allowed"", ""TV with standard cable"", ""Backyard"", ""Essentials""]","$1,244.00",t,2023-03-29,--,--,f
1062,12271259.0,20230329041210,2556582,1.0,1.0,0.0,19.39057309216409,-99.12979775702225,2.0,0.0,1.0,2.0,2.0,1125.0,2.0,4.0,1125.0,1125.0,2.4,1125.0,0.0,30.0,60.0,90.0,365.0,15.0,2.0,0.0,4.93,4.8,4.93,4.93,5.0,4.8,4.73,0.0,1.0,0.0,1.0,0.0,0.21,https://www.airbnb.com/rooms/12271259,2023-03-29,city scrape,"Artist Studio in CDMX, big terrace","A creative, unique and vibrant oasis in the heart of Mexico City for those looking for a place to create (design, writing, art, music), immersed within a special and extraordinary, sustainable architectural design, where a large terrace links different open and green spaces that invite reflection and inspiration. Each space has a purpose with the lines of research and interests of the artists who share their studio with the guests.<br /><br /><b>The space</b><br />The accommodation is spacious and bright, directly linked to a large terrace, which allows you to work comfortably indoors or outdoors covered from rain and sun. <br /><br />The interior covered with wood provides a modern and attractive decoration that inspires creativity and productivity, the workspace allows two people working simultaneously,  equipped with Wi-Fi and ethernet ports for users who need to connect their equipment via cable.<br /><br />Equipped with two beds, it can comfortably accommodate a couple or a lone c","Iztacalco is the oldest neighbor in Mexico City, even older than Tenochtitlan. Nowadays the neighbor has a dynamic life, surrounded by wood  and small shops you can feel the mexico city life far from touristic places",https://a0.muscache.com/pictures/2e640271-4a05-4023-86f0-7949b6e407ca.jpg,https://www.airbnb.com/users/show/2556582,Hector,2012-06-05,"Mexico City, Mexico","Hector is a designer and consultant on sustainability, art and design issues. His firm belief about the multidimensionality of human beings has led him to study different fields of knowledge and develop his work under this vision. 
He is co-founder of BIOe where among his costumers and partners have developed a methodology to pursue habitat performance with a holistic view.
His interest in sustainability led to the creation of CUBE, an ONG with a tremendous growth becoming a reference on sustainability education with more than fifteen exhibitions and conferences in just two years since its creation. 
He firmly believes that everyone is an agent of change: a designer, and as co-founder of primal has been responsible for assembling multidisciplinary teams to develop design projects for companies as diverse as Scribe, Rothenberger, Televisa and Museo de Arte Carrillo Gil.
He is co-founder of “limit” a project which addresses the relation between workers and their infinite possibilities as human beings through art. 
Hector is a decided Plexant.

Entrepreneur interested in new technologies, art, architecture and design",within an hour,100%,100%,f,https://a0.muscache.com/im/pictures/user/adeee945-d1b0-4e2d-b333-f6c8eca76ade.jpg?aki_policy=profile_small,https://a0.muscache.com/im/pictures/user/adeee945-d1b0-4e2d-b333-f6c8eca76ade.jpg?aki_policy=profile_x_medium,--,"['email', 'phone', 'work_email']",t,t,"Ciudad de Mexico, Iztacalco, Mexico",Iztacalco,Private room,Private room,1 private bath,"[""Ethernet connection"", ""Smoke alarm"", ""Free street parking"", ""Luggage dropoff allowed"", ""Shared patio or balcony"", ""Long term stays allowed"", ""Cleaning products"", ""Outdoor dining area"", ""Coffee"", ""Laundromat nearby"", ""Security cameras on property"", ""Host greets you"", ""Breville stainless steel oven"", ""Dedicated workspace"", ""Essentials"", ""Iron"", ""Hot water"", ""Lock on bedroom door"", ""Outdoor furniture"", ""Hair dryer"", ""Cooking basics"", ""Rice maker"", ""Cleaning available during stay"", ""Shared backyard"", ""Clothing storage"", ""Fire extinguisher"", ""Kitchen"", ""Turmix electric stove"", ""First aid kit"", ""Courtyard view"", ""Coffee maker"", ""Private entrance"", ""Dishes and silverware"", ""Shared outdoor kitchen"", ""Wifi \u2013 26 Mbps"", ""Carbon monoxide alarm"", ""Body soap"", ""Shampoo""]",$748.00,t,2023-03-29,2017-05-23,2022-11-21,f
2670,19639981.0,20230329041210,136125882,1.0,2.0,0.0,19.34166,-99.15035,1.0,0.0,1.0,1.0,1.0,1125.0,1.0,1.0,1125.0,1125.0,1.0,1125.0,0.0,23.0,53.0,83.0,358.0,1.0,1.0,0.0,0.0,0.0,0.0,0.0,0.0,0.0,0.0,0.0,1.0,0.0,1.0,0.0,0.94,https://www.airbnb.com/rooms/19639981,2023-03-29,city scrape,Tanke hause,A 15 minutos de coyoacan metro taxqueña esta super iluminado ideal para descansar tranquil9,--,https://a0.muscache.com/pictures/97a2b1cd-b4c6-41f8-9bfc-8d2f25f97880.jpg,https://www.airbnb.com/users/show/136125882,Fernando,2017-06-20,"Mexico City, Mexico",--,within a day,50%,100%,f,https://a0.muscache.com/im/pictures/user/4e216b63-ebd5-4348-bc5e-6dbc15493afa.jpg?aki_policy=profile_small,https://a0.muscache.com/im/pictures/user/4e216b63-ebd5-4348-bc5e-6dbc15493afa.jpg?aki_policy=profile_x_medium,--,"['email', 'phone']",t,f,--,Coyoacán,Private room,Private room,1 shared bath,"[""Wifi"", ""Breakfast"", ""Washer"", ""Smoking allowed"", ""First aid kit"", ""Free parking on premises"", ""Essentials""]",$181.00,t,2023-03-29,2023-02-26,2023-02-26,t
2805,20089283.0,20230329041210,142841816,1.0,1.0,0.0,19.31152,0.0,2.0,0.0,1.0,2.0,1.0,1125.0,1.0,1.0,1125.0,1125.0,1.0,1125.0,0.0,0.0,0.0,0.0,27.0,17.0,1.0,1.0,4.76,4.71,4.65,4.71,4.76,4.65,4.65,0.0,1.0,0.0,1.0,0.0,0.25,https://www.airbnb.com/rooms/20089283,2023-03-29,city scrape,"Habitación en Heroes de Padierna, muy confortable","Departamento con muy buena iluminación, decorado elegante, a espalda del campus ITAM, Santa Teresa",--,https://a0.muscache.com/pictures/ce986ca7-ede8-405a-b632-0e1edb41406c.jpg,https://www.airbnb.com/users/show/142841816,M. E. Javier Orlando,2017-07-27,--,--,within a day,50%,100%,f,https://a0.muscache.com/im/pictures/user/ab168da2-4195-4383-9f77-391b03e0a415.jpg?aki_policy=profile_small,https://a0.muscache.com/im/pictures/user/ab168da2-4195-4383-9f77-391b03e0a415.jpg?aki_policy=profile_x_medium,--,"['email', 'phone']",t,f,--,La Magdalena Contreras,Private room,Private room,2 shared baths,"[""Elevator"", ""Extra pillows and blankets"", ""Ethernet connection"", ""Wifi"", ""Iron"", ""Washer"", ""Hangers"", ""Hot water"", ""Shampoo"", ""Kitchen"", ""Lock on bedroom door"", ""Pocket wifi"", ""TV"", ""Bed linens"", ""Essentials""]",$400.00,t,2023-03-29,2017-08-10,2023-03-07,t
3065,21067896.0,20230329041210,151816281,2.0,2.0,0.0,19.45733,-99.21227,2.0,0.0,1.0,1.0,2.0,15.0,2.0,2.0,15.0,0.0,2.0,0.0,0.0,0.0,0.0,0.0,0.0,6.0,5.0,0.0,4.33,4.8,4.8,5.0,5.0,5.0,4.8,0.0,1.0,0.0,1.0,0.0,0.09,https://www.airbnb.com/rooms/21067896,2023-03-30,previous scrape,Pleasent & prívate room near Polanco Plaza Carso,"Menos es más, decorado sencillo es un apartamento para pernoctar y descansar, muy silencioso<br />Una persona co habita en una habitación independiente<br /><br /><b>The space</b><br />Ideal para una persona o una pareja joven<br /><br /><b>Guest access</b><br />Amenities<br />Cocina equipada, refrigerador, centro de lavado, estufa.<br /><br />Dentro del complejo hay un espacio al aire libre con aparatos para hacer ejercicio  y una pequeña pista de arcilla para trotar, cancha de basket ball","Está a 5 minutos del metro cuatro caminos, el edificio tiene vigilancia 24 hrs, elevador con chip se seguridad",https://a0.muscache.com/pictures/9d3df58d-6bc8-4f01-88d0-ec75589f4eb4.jpg,https://www.airbnb.com/users/show/151816281,Jessa,2017-09-23,--,"Hello, during my life I have had the opportunity to travel and get to know different places in my beautiful Mexico and in other countries in Latin America and Europe.
Hospitality and warmth are family values, I was a girl scout for more than 15 years, so cultural diversity, gender, religion and acceptance are part of my principles. If you are looking for a stay in CDMX or Cancun, I offer you a clean and safe room. We are dogs friendly.

Hola, durante mi andar en esta vida he podido disfrutar del trabajo y de vacacionar en distintos lugares de mi bello país México y en otros países de Latinoamérica y Europa, he sido Scout por más de 15 años, así que la hospitalidad, la aceptación de la diversidad de culturas, religiones e ideologías son parte de mis valores familiares y sociales; recibo huéspedes que busquen una habitación segura en un hogar limpio, cálido con lo básico de calidad para visitar lugares cercanos a CDMX y CANCÚN, siendo éstas ciudades donde ofrezco una gran estancia, segura, cómoda e higiénica. Aceptamos que te hospedes con tu mejor amigo perruno.

",within a few hours,100%,100%,f,https://a0.muscache.com/im/pictures/user/0bb5996c-3a7c-47c7-96db-35db7a52f35e.jpg?aki_policy=profile_small,https://a0.muscache.com/im/pictures/user/0bb5996c-3a7c-47c7-96db-35db7a52f35e.jpg?aki_policy=profile_x_medium,--,"['email', 'phone']",t,t,"Mexico City, Ciudad de México, Mexico",Miguel Hidalgo,Private room,Private room,1 shared bath,"[""Smoke alarm"", ""Shared gym nearby"", ""Luggage dropoff allowed"", ""Cleaning products"", ""Dedicated workspace"", ""Essentials"", ""Extra pillows and blankets"", ""Iron"", ""Free dryer \u2013 In unit"", ""Hot water"", ""Lock on bedroom door"", ""Free parking on premises"", ""Cooking basics"", ""Elevator"", ""96\"" TV with Netflix"", ""Refrigerator"", ""Hangers"", ""Room-darkening shades"", ""Fire extinguisher"", ""Kitchen"", ""First aid kit"", ""Books and reading material"", ""Bed linens"", ""Coffee maker"", ""Private living room"", ""Private entrance"", ""Free washer \u2013 In unit"", ""Wifi"", ""Pets allowed"", ""Portable heater"", ""Clothing storage: wardrobe and closet"", ""Exercise equipment""]",$600.00,t,2023-03-30,2017-12-12,2023-01-13,f
3257,21765818.0,20230329041210,158580118,1.0,1.0,0.0,19.43487,-99.18768,2.0,0.0,1.0,1.0,1.0,7.0,1.0,1.0,7.0,0.0,1.0,0.0,0.0,0.0,4.0,27.0,282.0,0.0,23.0,3.0,4.94,4.96,4.94,4.99,4.92,4.98,4.9,0.0,1.0,0.0,1.0,0.0,2.42,https://www.airbnb.com/rooms/21765818,2023-03-30,city scrape,"Room in Polanco, Mexico City","Es una habitación muy agradable, con mucha luz. Estilo clásico, donde se puede encontrar un ambiente de tranquilidad, en una de las  áreas  más cosmopolita, segura y céntrica de la ciudad de México. Cerca de museos, parques, y plazas comerciales. A unas cuantas cuadras de Chapultepec y Reforma.",--,https://a0.muscache.com/pictures/d81e6a17-35ae-4d63-8e39-7ba561afe701.jpg,https://www.airbnb.com/users/show/158580118,Libertad,2017-11-13,"Mexico City, Mexico",--,within an hour,100%,100%,t,https://a0.muscache.com/im/pictures/user/bcfc7a80-c355-40f1-bdc0-04440011f860.jpg?aki_policy=profile_small,https://a0.muscache.com/im/pictures/user/bcfc7a80-c355-40f1-bdc0-04440011f860.jpg?aki_policy=profile_x_medium,Polanco,['phone'],t,t,--,Miguel Hidalgo,Private room,Private room,1 private bath,"[""Private entrance"", ""Wifi"", ""Washer"", ""Hangers"", ""Shampoo"", ""Lock on bedroom door"", ""First aid kit"", ""Dryer"", ""TV"", ""Essentials""]",$508.00,t,2023-03-30,2017-12-03,2023-03-19,t
3359,22230184.0,20230329041210,93911392,0.0,0.0,0.0,19.41364,-99.16292,2.0,0.0,1.0,1.0,2.0,31.0,2.0,2.0,1125.0,1125.0,2.0,1125.0,0.0,26.0,56.0,86.0,86.0,0.0,38.0,4.0,4.33,4.51,4.46,4.79,4.8,4.88,4.39,0.0,7.0,1.0,0.0,0.0,3.54,https://www.airbnb.com/rooms/22230184,2023-03-30,city scrape,Wonderful Suite in the heart of Roma Norte,"Besides residential buildings, the neighbourhood streets of ""La Roma"" are lined with restaurants, bars, clubs, shops, cultural centers, churches and galleries. Roma was designated as a ""Barrio Mágico"" (""magical neighborhood"") by the city in 2011. Few blocks from grocery stores, coffee shops and less than 1 mile from Parque México, El Plaza Condesa, Cine Tonala, Museo de Cera, Arena México, Ángel de La Independencia, La Teatrería, Corredor Cultural Roma-Condesa and Foro Shakespeare.",--,https://a0.muscache.com/pictures/676718b5-3d42-464c-90d2-50529c465789.jpg,https://www.airbnb.com/users/show/93911392,Andres,2016-09-06,"Mexico City, Mexico",--,within an hour,100%,98%,f,https://a0.muscache.com/im/pictures/user/ce77741a-dfc8-434f-aa1b-6b54ee214e3a.jpg?aki_policy=profile_small,https://a0.muscache.com/im/pictures/user/ce77741a-dfc8-434f-aa1b-6b54ee214e3a.jpg?aki_policy=profile_x_medium,Roma Norte,"['email', 'phone']",t,t,--,Cuauhtémoc,Private room,Private room,1 private bath,"[""Smoke alarm"", ""Free street parking"", ""Single level home"", ""HDTV with Netflix"", ""Coffee"", ""Laundromat nearby"", ""Essentials"", ""Mini fridge"", ""Iron"", ""Hot water"", ""Keypad"", ""Lock on bedroom door"", ""Hair dryer"", ""Shower gel"", ""Portable fans"", ""Hangers"", ""Room-darkening shades"", ""Fire extinguisher"", ""Self check-in"", ""Coffee maker"", ""Bed linens"", ""Private entrance"", ""Wifi"", ""Clothing storage: closet"", ""Carbon monoxide alarm"", ""Shampoo""]",$765.00,t,2023-03-30,2017-12-23,2023-03-25,f
3372,22247072.0,20230329041210,93911392,0.0,0.0,0.0,19.41538,-99.16064,2.0,0.0,1.0,1.0,1.0,31.0,1.0,1.0,1125.0,1125.0,1.0,1125.0,0.0,30.0,60.0,90.0,90.0,0.0,47.0,2.0,4.41,4.62,4.42,4.85,4.81,4.9,4.47,0.0,7.0,1.0,0.0,0.0,4.13,https://www.airbnb.com/rooms/22247072,2023-03-30,city scrape,Amazing Suite in the heart of Roma Norte,"Besides residential buildings, the neighbourhood streets of ""La Roma"" are lined with restaurants, bars, clubs, shops, cultural centers, churches and galleries. Roma was designated as a ""Barrio Mágico"" (""magical neighborhood"") by the city in 2011. Few blocks from grocery stores, coffee shops and less than 1 mile from Parque México, El Plaza Condesa, Cine Tonala, Museo de Cera, Arena México, Ángel de La Independencia, La Teatrería, Corredor Cultural Roma-Condesa and Foro Shakespeare.",--,https://a0.muscache.com/pictures/a053248f-5488-4167-9453-0a5f0b2cd28d.jpg,https://www.airbnb.com/users/show/93911392,Andres,2016-09-06,"Mexico City, Mexico",--,within an hour,100%,98%,f,https://a0.muscache.com/im/pictures/user/ce77741a-dfc8-434f-aa1b-6b54ee214e3a.jpg?aki_policy=profile_small,https://a0.muscache.com/im/pictures/user/ce77741a-dfc8-434f-aa1b-6b54ee214e3a.jpg?aki_policy=profile_x_medium,Roma Norte,"['email', 'phone']",t,t,--,Cuauhtémoc,Private room,Private room,1 private bath,"[""Smoke alarm"", ""Free street parking"", ""HDTV with Netflix"", ""Coffee"", ""Laundromat nearby"", ""Essentials"", ""Mini fridge"", ""Iron"", ""Microwave"", ""Hot water"", ""Keypad"", ""Lock on bedroom door"", ""Hair dryer"", ""Shower gel"", ""Portable fans"", ""Hangers"", ""Room-darkening shades"", ""Fire extinguisher"", ""First aid kit"", ""Self check-in"", ""Coffee maker"", ""Bed linens"", ""Wifi"", ""Clothing storage: closet"", ""Carbon monoxide alarm"", ""Shampoo""]",$822.00,t,2023-03-30,2017-12-21,2023-03-19,f
3455,22340146.0,20230329041210,115584349,3.0,3.0,0.0,19.433,-99.14101,2.0,0.0,1.0,1.0,1.0,12.0,1.0,1.0,12.0,0.0,1.0,0.0,0.0,0.0,2.0,24.0,24.0,85.0,0.0,0.0,4.87,4.89,4.86,4.86,4.86,4.95,4.87,0.0,3.0,0.0,3.0,0.0,1.33,https://www.airbnb.com/rooms/22340146,2023-03-30,city scrape,Recámara Uno en CDMX,"Es un Edifico Antiguo; <br />Ubicado a una cuadra del Palacio de Bellas Artes, Alameda Central, Mirador Torre Latinoamericana, y del Zócalo, Catedral Metropolitana, Palacio Nacional, y Templo Mayor.<br />Restaurantes como el Cardenal, Casa de Toño, Café Tacuba, Azul Histórico, Centro Castellano, Barrio Chino, Fastfood y Cafés.<br />Transporte:<br />L 2 estación  Bellas Artes<br />L 8 estación San Juan de Letrán<br />L 3 estación Juarez <br />L 1 Salto Del Agua <br />Metrobús hacía Aeropuerto <br />Terminales de Autobuses <br />Bancos<br /><br /><b>The space</b><br />Una recámara con cama matrimonial<br />Dos ventanas<br />Un baño para compartir <br />Servicio de wifi <br />Ubicado en Centro Histórico de la ciudad México","Esta en el primer cuadro de la ciudad de México, Centro Histórico, rodeado de museos, restaurantes, cafés, sitios emblemáticos de la CDMX, servicios de banco, tiendas departamentales, central de policía, transporte publico en general.",https://a0.muscache.com/pictures/499a4c21-6dca-4719-a828-ff6e9e0708be.jpg,https://www.airbnb.com/users/show/115584349,Abel,2017-02-08,"Mexico City, Mexico","I am Mexican, I was born in CDMX
I have had the opportunity to travel throughout the country, as well as visiting more than forty nations, which allows me to understand a little the idiosyncrasies of the guests and serve them better.
 IG:  abelgf",within an hour,100%,83%,f,https://a0.muscache.com/im/pictures/user/d2ab9853-7d20-47af-8515-57b05e4356b5.jpg?aki_policy=profile_small,https://a0.muscache.com/im/pictures/user/d2ab9853-7d20-47af-8515-57b05e4356b5.jpg?aki_policy=profile_x_medium,Centro Histórico,"['email', 'phone']",t,t,"Centro, Ciudad de México, Mexico",Cuauhtémoc,Private room,Private room,1 shared bath,"[""Wifi"", ""Luggage dropoff allowed"", ""Dishes and silverware"", ""Hangers"", ""Hot water"", ""Shampoo"", ""First aid kit"", ""Host greets you"", ""Coffee maker"", ""Essentials""]",$375.00,t,2023-03-30,2018-01-02,2021-11-27,f
3571,23026367.0,20230329041210,170856978,1.0,2.0,0.0,19.4369,-99.20763,2.0,0.0,0.0,1.0,0.0,1125.0,0.0,0.0,1125.0,1125.0,0.0,1125.0,0.0,29.0,59.0,89.0,179.0,0.0,0.0,0.0,0.0,0.0,0.0,0.0,0.0,0.0,0.0,0.0,1.0,0.0,1.0,0.0,0.0,https://www.airbnb.com/rooms/23026367,2023-03-30,city scrape,Shangrila Grajales,Decoración art de cor<br />Clásica no ahí niños una mascota perro bulldog francés chico confortable cerca de polanquito Masaryk cruz roja mall pabellón Polanco jardines iglesias ⛪/ 🕍 sinagoga <br />🚌 bus metro 🚇 Uber. Taxi 🚕 súper Mercado,--,https://a0.muscache.com/pictures/806bfda9-7866-4fa3-82b1-9969bd67c536.jpg,https://www.airbnb.com/users/show/170856978,Antonieta,2018-01-30,--,--,--,--,100%,f,https://a0.muscache.com/im/pictures/user/cda50715-705c-40bf-8c34-e2b38b85ad0d.jpg?aki_policy=profile_small,https://a0.muscache.com/im/pictures/user/cda50715-705c-40bf-8c34-e2b38b85ad0d.jpg?aki_policy=profile_x_medium,Polanco,"['email', 'phone']",t,f,--,Miguel Hidalgo,Private room,Private room,1 private bath,"[""Elevator"", ""Smoke alarm"", ""Private entrance"", ""Wifi"", ""Breakfast"", ""Iron"", ""Washer"", ""Hangers"", ""Shampoo"", ""Fire extinguisher"", ""Kitchen"", ""Lock on bedroom door"", ""Security cameras on property"", ""First aid kit"", ""TV"", ""Carbon monoxide alarm"", ""Free parking on premises"", ""Hair dryer"", ""Essentials""]","$1,000.00",t,2023-03-30,--,--,t
3605,23100799.0,20230329041210,103716258,1.0,1.0,0.0,19.43409,-99.13191,0.0,0.0,3.0,0.0,2.0,30.0,2.0,2.0,30.0,0.0,2.0,30.0,0.0,28.0,58.0,88.0,363.0,2.0,1.0,0.0,5.0,5.0,5.0,5.0,4.5,5.0,0.0,0.0,1.0,0.0,1.0,0.0,0.04,https://www.airbnb.com/rooms/23100799,2023-03-29,city scrape,3br in Historic Mansion Steps from the Cathedral,"Architecturally important 17th century palace. This grand home sleeps up to 8 guests in 3 beautifully decorated, en-suite bedrooms and offers butler service.<br /><br />Delight in the use of this historical family manor, carefully restored with a prestigious art collection.  Pricing for all three bedrooms for your family or friends with gorgeous views of the Cathedral and Zocalo. Close to museums, dining & shopping.  Contact us for single bedroom pricing.<br /><br /><b>The space</b><br />The house on Seminario 12 is built on top of the remains of the Ceremonial Center of the Aztec City of Tenochtitlán.  The land was subdivided by Hernán Cortés and adjudicated to one of his lieutenants, Pedro de Maya However, the construction of the house as it can be seen now, dates 1626.<br /><br />This family residence belonged to two of the oldest estates of the Spanish colony, to that of Hernando de Avila during the first years of the century, and to the López de Peralta estate between 1624 and 175","The Historical Center of Mexico City is over 600 blocks.  Large parts of the Centro are safe, but some are not.  We encourage you to keep your valuables close, and to use uber services.  The plaza in front of the house empties up after 8pm, and we recommend that you keep your eyes open as a precaution.",https://a0.muscache.com/pictures/miso/Hosting-23100799/original/e4477d4a-60d3-4be2-aa06-d2f97c573a03.jpeg,https://www.airbnb.com/users/show/103716258,César Y Carolina,2016-11-14,"Mexico City, Mexico",We are a Mexico City based couple with four children.  Carolina is a documentary film producer and an activist.  Cesar is a visual artist and a designer.  We believe in the power of community and we are available to meet up with our guests to share information and contacts if they so require.  ,within a day,100%,100%,f,https://a0.muscache.com/im/pictures/user/1887abbc-4979-4af4-afbf-57584e2d5981.jpg?aki_policy=profile_small,https://a0.muscache.com/im/pictures/user/1887abbc-4979-4af4-afbf-57584e2d5981.jpg?aki_policy=profile_x_medium,--,['phone'],t,t,"Centro, Ciudad de México, Mexico",Cuauhtémoc,Private room,Private room,6 baths,"[""Smoke alarm"", ""Luggage dropoff allowed"", ""Long term stays allowed"", ""Essentials"", ""Oven"", ""Breakfast"", ""Iron"", ""Microwave"", ""Hot water"", ""Shampoo"", ""Lock on bedroom door"", ""Stove"", ""TV"", ""Backyard"", ""Hair dryer"", ""Cooking basics"", ""Babysitter recommendations"", ""Heating"", ""Cleaning available during stay"", ""Refrigerator"", ""Hangers"", ""Fire extinguisher"", ""Kitchen"", ""Smoking allowed"", ""First aid kit"", ""Building staff"", ""Self check-in"", ""Coffee maker"", ""Private entrance"", ""Children\u2019s books and toys"", ""Wifi"", ""High chair"", ""Patio or balcony"", ""Pets allowed"", ""Paid parking off premises"", ""Dishes and silverware"", ""Bathtub"", ""Carbon monoxide alarm"", ""Changing table"", ""City skyline view""]","$27,435.00",t,2023-03-29,2019-03-23,2022-10-31,t
4303,25868032.0,20230329041210,34171966,3.0,4.0,0.0,19.34903,-99.16493,2.0,0.0,1.0,1.0,2.0,1125.0,2.0,2.0,1125.0,1125.0,2.0,1125.0,0.0,19.0,49.0,79.0,354.0,82.0,22.0,2.0,4.85,4.89,4.82,4.87,4.79,4.93,4.76,0.0,3.0,2.0,1.0,0.0,1.42,https://www.airbnb.com/rooms/25868032,2023-03-30,city scrape,Independent studio with private bathroom Coyoacan.,"Inside a beautiful house, in the hearth of Coyoacan. Walking distance from Frida s museum. Three blocks from  Main historic plazas. In a quite street Coffe shops restaurants, bars around  <br /><br /> Private bathroom, fullsize bed,  closet, microwave, minifridge, Coffe maker, induction Cooktop, potable water.<br /><br />External visitors are not allowed (without previous consent), if you invite external visitors this could result in being evicted or in the cancellation of your reservation<br /><br /><b>Other things to note</b><br />There is a laundry room on top of the house you can use it with previous permission.<br />100 pesos cost<br />5 dollars . Includes detergent<br /><br />200 pesos cost<br />10 dlls, additional cleaning during stay.",--,https://a0.muscache.com/pictures/8b479616-2335-4381-814b-0eebcbb0ce77.jpg,https://www.airbnb.com/users/show/34171966,Martha,2015-05-25,"Mexico City, Mexico",--,within an hour,100%,100%,t,https://a0.muscache.com/im/pictures/user/1ad6680a-49fd-4855-869c-843580ef3acb.jpg?aki_policy=profile_small,https://a0.muscache.com/im/pictures/user/1ad6680a-49fd-4855-869c-843580ef3acb.jpg?aki_policy=profile_x_medium,Coyoacán,"['email', 'phone']",t,t,--,Coyoacán,Private room,Private room,1 private bath,"[""Wifi"", ""Cooking basics"", ""Iron"", ""Washer"", ""Microwave"", ""Free street parking"", ""Luggage dropoff allowed"", ""Dishes and silverware"", ""Essentials"", ""Hangers"", ""Hot water"", ""Shared patio or balcony"", ""Long term stays allowed"", ""Keypad"", ""Cleaning products"", ""Self check-in"", ""Hair dryer"", ""Coffee maker"", ""Bed linens"", ""Shampoo""]",$526.00,t,2023-03-30,2018-07-02,2023-03-27,t
5667,31826983.0,20230329041210,185535296,7.0,10.0,0.0,19.33975,-99.20108,1.0,0.0,0.0,1.0,2.0,30.0,2.0,2.0,30.0,0.0,2.0,30.0,0.0,0.0,27.0,57.0,147.0,10.0,3.0,0.0,5.0,5.0,5.0,4.8,5.0,5.0,4.8,0.0,7.0,0.0,0.0,0.0,0.2,https://www.airbnb.com/rooms/31826983,2023-03-29,city scrape,Mejor precio habitacion individual comoda exl serv,"Habitación con baño privado grande. Es una habitación espacios con una cama individual, escritorio y buro. El baño es muy grande.<br /><br />15 minutos caminando a Clinica 4 y 8 de IMSS.<br /><br />Estamos muy bien localizados con vias de acceso, fácil y cerca del metro, metrobus, periférico, insurgentes, revolución, UNAM, ITAM, U. Del V. de México, Pedregal, FERMATA, Televisa San Angel.<br /><br /><b>The space</b><br />La casa es una propiedad grande, espaciosa y ventilada.<br /><br />Nuestras habitaciones son economicos con servicios incluidos de aqua, luz y Wifi. Ademas, ofrece muchos servicios extra: Servicios de lavanderia, planchado, limpieza y alimentos.<br /><br /><b>Other things to note</b><br />La habitación está en el segundo piso.","San Ángel es un pueblo originario de la alcaldía Álvaro Obregón, en la Ciudad de México, asociado estrechamente por motivos históricos, urbanísticos y funcionales a los barrios de Tizapán, Chimalistac, Altavista, y Tlacopac.",https://a0.muscache.com/pictures/e1482797-7352-4ff8-9269-a35c36dc7095.jpg,https://www.airbnb.com/users/show/185535296,Eduardo,2018-04-21,"Hidalgo, Mexico",--,within an hour,100%,100%,t,https://a0.muscache.com/im/pictures/user/f33d6c51-d948-43ca-be9c-f6dfb0714a4f.jpg?aki_policy=profile_small,https://a0.muscache.com/im/pictures/user/f33d6c51-d948-43ca-be9c-f6dfb0714a4f.jpg?aki_policy=profile_x_medium,--,"['email', 'phone']",t,t,"Mexico City, Ciudad de México, Mexico",Álvaro Obregón,Private room,Private room,1 private bath,"[""Wifi"", ""Hangers"", ""Essentials""]",$579.00,t,2023-03-29,2019-02-25,2022-05-20,t
6244,33051319.0,20230329041210,245350245,4.0,8.0,0.0,19.44535,0.0,0.0,0.0,1.0,0.0,2.0,30.0,2.0,2.0,1125.0,1125.0,2.0,1125.0,0.0,0.0,0.0,0.0,87.0,29.0,5.0,0.0,4.9,4.97,4.97,5.0,4.97,4.97,4.9,0.0,4.0,1.0,3.0,0.0,0.59,https://www.airbnb.com/rooms/33051319,2023-03-29,city scrape,Familia Castillo Vargas (Habitación Roja),"Habitación moderna que aloja de 4 a 7 huéspedes, cuenta con 3 camas matrimoniales y 1 individual; televisión abierta, acceso directo al jardín, baño completo con doble lavamanos, 2 regaderas . Al momento del arribo a la casa se le otorga la llave de la habitación. Al reservar la confortable y espaciosa  habitación roja se accede a las áreas comunes que son: sala de estar equipada con dos sillones triple y doble, televisión local,  comedor, cocina, área de lavado, antecomedor y jardín.<br /><br /><b>The space</b><br />Unidad residencial segura 24hrs durante 365 días, vigilancia por la policía de seguridad pública y cámaras de video  vigilancia al acceso a la casa, lo que hace un espacio tranquilo y seguro.<br /><br /><b>Guest access</b><br />Las areas compartidas con otros huéspedes son: sala de estar equipada con dos sillones triple y doble, televisión local,  comedor, cocina, área de lavado, antecomedor y jardín.","Se encuentran cercanos el Vips, portón, casa de Toño, Walmart, sams, Suburbia, los bisquets Obregón, plaza toreo.",https://a0.muscache.com/pictures/8b16006d-1afc-4311-9b2f-6509f4eba93d.jpg,https://www.airbnb.com/users/show/245350245,Salvador,2019-02-25,"Mexico City, Mexico","MILITAR RETIRADO. De 74 años, Comparto mi casa con amor y respeto con los  viajeros que  visitan La Ciudad de México. ",within a few hours,100%,100%,t,https://a0.muscache.com/im/pictures/user/c6ebdc3b-f57c-4c52-86f4-49f10fe8bc41.jpg?aki_policy=profile_small,https://a0.muscache.com/im/pictures/user/c6ebdc3b-f57c-4c52-86f4-49f10fe8bc41.jpg?aki_policy=profile_x_medium,--,"['email', 'phone']",t,t,"Mexico City, Ciudad de México, Mexico",Miguel Hidalgo,Private room,Private room,1 private bath,"[""Luggage dropoff allowed"", ""Long term stays allowed"", ""Dining table"", ""Coffee"", ""Security cameras on property"", ""Dedicated workspace"", ""Essentials"", ""Mosquito net"", ""Oven"", ""Iron"", ""Microwave"", ""Hot water"", ""Lock on bedroom door"", ""Stove"", ""TV"", ""Backyard"", ""Hair dryer"", ""Free parking on premises"", ""Cooking basics"", ""Drying rack for clothing"", ""Refrigerator"", ""Hangers"", ""Clothing storage"", ""Fire extinguisher"", ""Kitchen"", ""Blender"", ""First aid kit"", ""Freezer"", ""Coffee maker"", ""Bed linens"", ""Private living room"", ""Private entrance"", ""Wifi"", ""Free washer \u2013 In building"", ""Dishes and silverware"", ""Dryer"", ""Body soap"", ""Shampoo""]","$1,757.00",t,2023-03-29,2019-03-24,2022-11-27,t
11127,47007658.0,20230329041210,345395010,2.0,5.0,0.0,19.40288,-99.13481,2.0,0.0,1.0,1.0,3.0,1125.0,3.0,3.0,1125.0,1125.0,3.0,1125.0,0.0,15.0,45.0,75.0,75.0,27.0,24.0,0.0,4.85,4.89,4.93,4.96,4.96,4.78,4.89,0.0,2.0,1.0,1.0,0.0,1.27,https://www.airbnb.com/rooms/47007658,2023-03-30,city scrape,C.Acogedor estudio Colonia Asturias bien ubicado.,"<b>The space</b><br />Es un estudio monoambiente, ideal para 1 o dos personas.  Cuenta con baño completo propio y una cama tipo litera.  La parte de abajo es matrimonial y la de arriba individual.  <br />Equipado con cafetera, trastes de cocina, toallas, ropa de cama, almohadas y frigo.<br />Comparte con otros 2 estudios una cocineta, terraza y centro de lavado y secado de ropa.<br /><br /><b>Guest access</b><br />Terraza, lavadora, secadora, cocineta compartida, baño propio<br /><br /><b>Other things to note</b><br />Nuestro alojamiento acepta mascotas,  sin embargo,  hay que tener en consideración lo siguiente: <br /><br />1. Los espacios son muy pequeños, por lo que, las mascotas grandes pueden sentirse incómodas si los dejas mucho tiempo solos y dentro del estudio.  <br /><br />2. No es posible dejar a las mascotas libres por los espacios comunes compartidos.  Deberán estar siempre con correa y bajo supervisón. <br /><br />3. Hay un cargo extra por concepto de limpieza.  El cargo e","es una zona muy bien ubicada,  con negocios variados a los alrededores. Cerca de vías de transporte importantes como el metro Chabacano y muy cerca de puntos de interés como el Centro Histórico",https://a0.muscache.com/pictures/d36d69cf-aaf4-4fdb-bbb4-69aee482c0ec.jpg,https://www.airbnb.com/users/show/345395010,Lilia,2020-05-04,"Playa del Carmen, Mexico","Soy originaria de la Ciudad de México y vivo actualmente en Playa del Carmen Quintana Roo. A pesar de que mi formación académica estuvo enfocada en las finanzas, hice un cambio drástico de estilo de vida en el año 2008 y decidí prepararme para convertirme en instructora de buceo. 
A partir de esa fecha he estado en el más maravilloso viaje de mi vida, conociendo el asombroso mundo submarino. He viajado a Egipto, Indonesia y Bahamas.
En Playa del Carmen me especializo en buceo en cuevas subterráneas cuyas entradas son más conocidas como cenotes. 
Amo mi trabajo y me gusta mucho poder compartir y mostrar este paraíso a los visitantes de todas partes del mundo. Adicional a esto, me gusta mucho poder presumir la cultura mexicana, su gastronomía local y la hospitalidad que caracteriza a todos los Mexicanos.",within an hour,100%,98%,t,https://a0.muscache.com/im/pictures/user/e4678b3a-88ad-4728-ae2b-80cc0ede2f66.jpg?aki_policy=profile_small,https://a0.muscache.com/im/pictures/user/e4678b3a-88ad-4728-ae2b-80cc0ede2f66.jpg?aki_policy=profile_x_medium,--,"['email', 'phone']",t,f,"Mexico City, Alcaldia Cuauhtémoc, Colonia Asturias, Mexico",Iztacalco,Private room,Private room,1 private bath,"[""Ethernet connection"", ""Private entrance"", ""Wifi"", ""Mini fridge"", ""Washer"", ""Microwave"", ""Free street parking"", ""Pets allowed"", ""Dishes and silverware"", ""Hot water"", ""Shampoo"", ""Clothing storage"", ""Kitchen"", ""Lock on bedroom door"", ""Long term stays allowed"", ""Stove"", ""Dryer"", ""Coffee maker"", ""Bed linens"", ""Essentials""]",$320.00,t,2023-03-30,2021-06-29,2023-02-27,t
11919,49045093.0,20230329041210,133609729,2.0,2.0,0.0,19.37162,-99.16179,1.0,0.0,1.0,1.0,1.0,1125.0,1.0,1.0,1125.0,1125.0,1.0,1125.0,0.0,29.0,59.0,89.0,178.0,4.0,4.0,0.0,5.0,5.0,5.0,5.0,5.0,5.0,4.5,0.0,2.0,0.0,2.0,0.0,0.36,https://www.airbnb.com/rooms/49045093,2023-03-30,city scrape,HABITACIÓN COL.DEL VALLE CERCA  METRO ZAPATA.,--,--,https://a0.muscache.com/pictures/2183d8d0-1570-4342-98c6-c02cf42177fc.jpg,https://www.airbnb.com/users/show/133609729,Beatriz,2017-06-05,"Mexico City, Mexico",--,within an hour,100%,100%,t,https://a0.muscache.com/im/pictures/user/addbaf8d-ade9-49b8-9e26-11bdf5cdff9e.jpg?aki_policy=profile_small,https://a0.muscache.com/im/pictures/user/addbaf8d-ade9-49b8-9e26-11bdf5cdff9e.jpg?aki_policy=profile_x_medium,--,"['email', 'phone']",t,t,--,Benito Juárez,Private room,Private room,1 shared bath,"[""Lock on bedroom door"", ""Hot water"", ""Essentials""]",$450.00,t,2023-03-30,2022-05-01,2022-11-20,f
12298,50106680.0,20230329041210,290843938,4.0,5.0,0.0,19.39061,-99.18114,2.0,0.0,1.0,0.0,1.0,1125.0,1.0,1.0,1125.0,1125.0,1.0,1125.0,0.0,14.0,24.0,44.0,319.0,0.0,0.0,0.0,4.88,4.87,4.91,4.93,4.95,4.93,4.86,0.0,4.0,3.0,1.0,0.0,0.0,https://www.airbnb.com/rooms/50106680,2023-03-29,city scrape,""""" cuartito en Napoles a 2 cuadras WTC""""","Cuarto de servicio acondicionado totalmente privado e independiente, para estancias económicas pero dentro de una gran ubicación en la CDMX como es la colonia Nápoles. El lugar aunque es pequeño tienes todo para que sea muy agradable tu estancia. Se encuentra ubicado en una área de azotea. El baño esta a unos pasos con agua caliente todo el tiempo<br /><br /><b>The space</b><br />Pequeño espacio pero tiene un cómodo sofá cama con colchón memory foam para adaptarlo como sillón o como una cama matrimonial , Acondicionado además tv de cable, pequeña parrilla electrónica, refrigerador, horno y cafetera, pequeño ropero con lugar para tu equipaje y baño a unos pasos. Muy iluminado e ideal para tus viajes económicos de mochilazo<br /><br /><b>Other things to note</b><br />el área del edificio donde esta la habitación se compone de 12 cuartos de servicio y hay un baño común. Pero es importante saber que nuestro espacio es el único adecuado para el área y por ello el baño que seria de uso común","El lugar es dentro del barrio residencial de la colonia Napoles, rodeado de las zonas corporativas importantes y turisticas de la CDMX, asi como bares, retaurantes, parques, centros comerciales y vias primarias",https://a0.muscache.com/pictures/44d0c2a2-3703-47cb-9a74-1435feabb338.jpg,https://www.airbnb.com/users/show/290843938,Eva Y Gerardo,2019-09-01,"Mexico City, Mexico",Hola que tal somos Gerardo y Eva nos encanta que vengas a la CDMX y conozcas lo mejor nuestra cultura en la ciudad. Queremos dar lo mejor de nosotros para que tu estancia sea un hermosa experiencia. Tratamos de estar siempre atentos y brindarte nuestra mejor atención y podamos recibirte muchas veces mas!!!,within an hour,100%,100%,t,https://a0.muscache.com/im/pictures/user/d18fc2dc-9216-4b63-8cb7-007a0c0215f6.jpg?aki_policy=profile_small,https://a0.muscache.com/im/pictures/user/d18fc2dc-9216-4b63-8cb7-007a0c0215f6.jpg?aki_policy=profile_x_medium,--,"['email', 'phone']",t,t,"Mexico City, Ciudad de México, Mexico",Benito Juárez,Private room,Private room,1 shared bath,"[""Ethernet connection"", ""Smoke alarm"", ""Hot water kettle"", ""Wine glasses"", ""Cleaning products"", ""Dining table"", ""Toaster"", ""Coffee"", ""Laundromat nearby"", ""82\"" TV"", ""Essentials"", ""Dedicated workspace"", ""Extra pillows and blankets"", ""Iron"", ""Microwave"", ""Calienta por induccion electric stove"", ""Hot water"", ""Shampoo"", ""Paid street parking off premises"", ""Lock on bedroom door"", ""Hair dryer"", ""Cooking basics"", ""Drying rack for clothing"", ""Portable fans"", ""Tipo frigobar con compartimento de congelacion refrigerator"", ""Hangers"", ""Fire extinguisher"", ""Kitchen"", ""Blender"", ""Smoking allowed"", ""First aid kit"", ""Freezer"", ""Courtyard view"", ""Books and reading material"", ""Bed linens"", ""Coffee maker"", ""Private entrance"", ""Wifi"", ""Dishes and silverware"", ""Dryer"", ""Carbon monoxide alarm"", ""Body soap"", ""Clothing storage: wardrobe""]",$339.00,t,2023-03-29,2021-12-05,2023-03-23,f
12711,50796337.0,20230329041210,2518152,8.0,8.0,0.0,19.45877,-99.17539,2.0,0.0,1.0,1.0,0.0,45.0,0.0,0.0,45.0,0.0,0.0,45.0,0.0,30.0,60.0,90.0,365.0,1.0,0.0,0.0,5.0,5.0,5.0,5.0,5.0,5.0,5.0,0.0,7.0,1.0,4.0,0.0,0.07,https://www.airbnb.com/rooms/50796337,2023-03-29,city scrape,Artist Residency downtown with grdn & art library,--,--,https://a0.muscache.com/pictures/f1ef5e5a-d7b5-445b-9476-bb4dfaee119e.jpg,https://www.airbnb.com/users/show/2518152,Martha Laura,2012-06-01,"Mexico City, Mexico","We are a mexican couple who has been together for more than 25 years. We have two teenagers: a daughter, a son.
We are in the IT business and we love to travel. We always travel as if it was the last trip of our lives. For us, family, love and harmony are essential in life. We enjoy contemporary art and we are dedicated to promoting mexican artists and culture in every place we visit. 
Pancho and I met scuba diving in 1994, therefore the sea, nature and outdoor activities are basic and necessary. We enjoy camping, scuba diving and sailing, sport in which we compete every month in Acapulco.
Lunch time is a special moment for us, a pause where we can enjoy and celebrate being together, a moment apart from the rush of the city where we prepare ourselves for the afternoon daily commitments.
We love Mexico and we are ambassadors of our country, we always talk about how great is the mexican spirit, its culture, gastronomy, nature, beaches and its history. If we had to choose another country to live, it would be Italy for the same reasons we love Mexico.
We recognize ourselves as entrepreneurs because of our professional upbringing, we generate projects and ideas, some of which become business ventures. We've always been motivated by the risk, investing time, money and effort to develop new ideas with a purposeful end. Another factor deeply rooted in our family is ecology and self sustainability and seek to have the least possible impact on our environment and our planet .
We have a francophile part because the 4 of Pancho's grandparents were born in France and married in Mexico . With some friends, we spontaneously create an amateur theater group fifteen years ago, ""Théâtre a la Dérive"", where we enjoy making plays in French just for the pleasure of the whole process, costumes, learning the script and friendship. The group is composed mainly by frenchies living in México.
Today what bring us here is that 14 years ago, on a sabathical year, we lived in a ""Chateau"" in France countryside, and we opened 11 rooms to host our beloved...  more than a hundred friends and family members came to visit and stayed with us in that 12th century castle. The uniqueness of this experience led us to replicate the model in Mexico, and we open our home with a project: Art Residence to share it with you, people with similar interests, that want to enjoy living among art in our village of San Angel,  town founded 500 years ago and today immersed in one of the largest and most exciting cities in the world: Mexico City. Welcome!

In our country we say to our guests: ""Mi casa es tu casa. My home is your home"".",within an hour,100%,94%,t,https://a0.muscache.com/im/users/2518152/profile_pic/1382762540/original.jpg?aki_policy=profile_small,https://a0.muscache.com/im/users/2518152/profile_pic/1382762540/original.jpg?aki_policy=profile_x_medium,--,"['email', 'phone', 'work_email']",t,t,--,Azcapotzalco,Private room,Private room,1.5 shared baths,"[""Free street parking"", ""BBQ grill"", ""Luggage dropoff allowed"", ""Fire pit"", ""Long term stays allowed"", ""Garden view"", ""Outdoor dining area"", ""Security cameras on property"", ""Crib"", ""Dedicated workspace"", ""Essentials"", ""Breakfast"", ""Hot water"", ""Lock on bedroom door"", ""TV"", ""Outdoor furniture"", ""Hair dryer"", ""Free parking on premises"", ""Hangers"", ""Smoking allowed"", ""First aid kit"", ""Building staff"", ""Self check-in"", ""Coffee maker"", ""Pack \u2019n play/Travel crib"", ""Hammock"", ""Children\u2019s books and toys"", ""Wifi"", ""Paid parking off premises"", ""Dishes and silverware"", ""Shared backyard \u2013 Fully fenced"", ""Outdoor kitchen"", ""Indoor fireplace: wood-burning"", ""Resort access"", ""Shampoo""]",$750.00,t,2023-03-29,2022-01-20,2022-01-20,t
12840,50893960.0,20230329041210,411507264,1.0,1.0,0.0,19.453215,-99.181328,1.0,0.0,1.0,1.0,1.0,365.0,1.0,1.0,1.0,1125.0,1.0,532.0,0.0,30.0,60.0,90.0,278.0,11.0,10.0,0.0,4.55,4.64,4.82,4.55,4.64,4.45,4.09,0.0,1.0,0.0,1.0,0.0,0.65,https://www.airbnb.com/rooms/50893960,2023-03-29,city scrape,Personal room for rent,"When you rent your room  with us we offer:<br /><br />-Electronic access to the building<br />-White washing<br />-24hrs security<br />-Parking space<br />-Cleaning room service from monday to saturday.<br /><br />Room:<br />-Full bathroom<br />-Queen  size bed<br />-TV with internet<br />-Frigobar<br />-Closet<br />-Security box<br /><br />Comun area:<br />-Kitchen<br />-Dining room<br />-Living room<br />-Work space<br />-Washing machines<br />-Locker<br />-Roof Garden (Spectacular view to Mexico city downtown area)<br /><br /><b>The space</b><br />Our  rooms  are clean and cosy, you will meet new people, very respectfull and kind staff.<br /><br /><b>Guest access</b><br />You have access to both living floors and our beautiful roof garden.",Very local and quiet.,https://a0.muscache.com/pictures/miso/Hosting-50893960/original/a49866a8-45ad-4934-b828-c25a1b458c84.jpeg,https://www.airbnb.com/users/show/411507264,Nest,2021-07-07,"Mexico City, Mexico","Nest co-living es un concepto innovador de vivienda en renta práctico y flexible que se adapta a tu ritmo de vida.
Tenemos suites completamente amuebladas y con todos los servicios incluidos para tu mayor comodidad.",within an hour,100%,100%,t,https://a0.muscache.com/im/pictures/user/cf169e31-a45f-4bba-974c-6ba3faf08ac6.jpg?aki_policy=profile_small,https://a0.muscache.com/im/pictures/user/cf169e31-a45f-4bba-974c-6ba3faf08ac6.jpg?aki_policy=profile_x_medium,--,"['email', 'phone', 'work_email']",t,t,"Mexico City, Ciudad de México, Mexico",Miguel Hidalgo,Private room,Private room,1 private bath,"[""Smoke alarm"", ""Private outdoor kitchen"", ""Hot water kettle"", ""Luggage dropoff allowed"", ""Long term stays allowed"", ""42\"" HDTV with Netflix"", ""Dining table"", ""Toaster"", ""Outdoor dining area"", ""Laundromat nearby"", ""Security cameras on property"", ""Dedicated workspace"", ""Essentials"", ""Paid parking lot off premises"", ""Mini fridge"", ""Iron"", ""Safe"", ""Microwave"", ""Hot water"", ""Lock on bedroom door"", ""Outdoor furniture"", ""Cooking basics"", ""Elevator"", ""Rice maker"", ""Barbecue utensils"", ""Paid valet parking on premises \u2013 10 spaces"", ""Refrigerator"", ""Free residential garage on premises \u2013 1 space"", ""Free dryer \u2013 In building"", ""Hangers"", ""Room-darkening shades"", ""Fire extinguisher"", ""Kitchen"", ""Blender"", ""First aid kit"", ""Building staff"", ""Freezer"", ""Coffee maker: drip coffee maker"", ""Self check-in"", ""Bed linens"", ""Private patio or balcony"", ""Private entrance"", ""Wifi"", ""Free washer \u2013 In building"", ""EV charger"", ""Dishes and silverware"", ""Dishwasher"", ""Clothing storage: closet"", ""Stainless steel gas stove"", ""City skyline view""]","$1,081.00",t,2023-03-29,2021-11-08,2023-02-24,t
12863,51164390.0,20230329041210,161016544,2.0,2.0,0.0,19.41581,-99.16108,1.0,0.0,1.0,1.0,3.0,1125.0,3.0,3.0,1125.0,1125.0,3.0,1125.0,0.0,17.0,42.0,69.0,340.0,62.0,30.0,0.0,4.77,4.81,4.79,4.92,4.92,4.97,4.85,0.0,2.0,1.0,1.0,0.0,3.09,https://www.airbnb.com/rooms/51164390,2023-03-30,city scrape,Dorm room privado en el corazón de la Roma CDMX,"Dormitorio nuevo dentro de edificio con encanto en el corazón de la Roma, ubicado en la zona mas hipster de la CDMX.<br /><br />Edificio estilo moderno con atractivas amenidades, LudickRoom, Roof garden, sala recepción, cocineta, lockers, baños y regaderas. <br /><br />Todo súper accesible, teatros, cines, parques, museos, antros, restaurantes, transporte público a la mano, ideal para caminar y disfrutar la Ciudad de México.<br /><br />Perfecto para viajes Mochilazo.<br /><br /><b>The space</b><br />Hermoso edificio con encanto, ubicado en la icónica colonia Roma de la Ciudad de México, muy cerca del famoso Mercado Roma, Parque México, Museo de Cera, Ángel de la independencia y demás atracciones turísticas de la gran ciudad.<br /><br /><b>Guest access</b><br />Tienes acceso a todas las áreas comunes del edificio, LudickRoom (área de trabajo y tv) Roof garden, sala de recepción, cocineta, respetando las reglas de uso de cada uno de los espacios.<br /><br />En todo momento tienes acceso ","Mercado Roma, Museo de cera, avenida insurgentes, reforma, ángel de la independencia, Parque España y Parque México, los restaurantes de Álvaro Obregón, súper ubicado.",https://a0.muscache.com/pictures/557476c4-1680-43aa-8158-11dcf36a5c81.jpg,https://www.airbnb.com/users/show/161016544,Coral,2017-12-02,"Mexico City, Mexico",--,within an hour,100%,100%,f,https://a0.muscache.com/im/pictures/user/a3f4749c-bd16-47b3-a4dc-b4f4d55251e7.jpg?aki_policy=profile_small,https://a0.muscache.com/im/pictures/user/a3f4749c-bd16-47b3-a4dc-b4f4d55251e7.jpg?aki_policy=profile_x_medium,Buenavista,"['email', 'phone']",t,t,"Mexico City, Ciudad de México, Mexico",Cuauhtémoc,Private room,Private room,3.5 shared baths,"[""City skyline view"", ""Long term stays allowed"", ""TV with standard cable"", ""Outdoor dining area"", ""Security cameras on property"", ""Dedicated workspace"", ""Essentials"", ""Extra pillows and blankets"", ""Paid parking lot off premises"", ""Mini fridge"", ""Microwave"", ""Hot water"", ""Lock on bedroom door"", ""Stove"", ""Outdoor furniture"", ""Refrigerator"", ""Clothing storage: wardrobe"", ""Private backyard"", ""Hangers"", ""Lockbox"", ""Kitchen"", ""Coffee maker: drip coffee maker"", ""Self check-in"", ""Books and reading material"", ""Bed linens"", ""Private patio or balcony"", ""Private living room"", ""Wifi"", ""Outdoor shower"", ""Dishes and silverware"", ""Window guards""]",$364.00,t,2023-03-30,2021-08-06,2023-01-25,t
13673,52557368.0,20230329041210,93911392,0.0,0.0,0.0,19.41534,-99.16228,2.0,0.0,1.0,1.0,2.0,31.0,2.0,2.0,1125.0,1125.0,2.0,1125.0,0.0,28.0,58.0,88.0,88.0,57.0,38.0,5.0,4.75,4.79,4.88,4.89,4.84,4.93,4.7,0.0,7.0,1.0,0.0,0.0,3.23,https://www.airbnb.com/rooms/52557368,2023-03-30,city scrape,Divine Suite in the heart of Roma Norte (Orange),"Besides residential buildings, the neighbourhood streets of ""La Roma"" are lined with restaurants, bars, clubs, shops, cultural centers, churches and galleries. Roma was designated as a ""Barrio Mágico"" (""magical neighborhood"") by the city in 2011. Few blocks from grocery stores, coffee shops and less than 1 mile from Parque México, El Plaza Condesa, Cine Tonala, Museo de Cera, Arena México, Ángel de La Independencia, La Teatrería, Corredor Cultural Roma-Condesa and Foro Shakespeare.<br /><br /><b>The space</b><br />Is an individual room located in the second floor of a 3 story building. <br />The room is located on second floor the left hand aisle where other 3 rooms are located.<br />The room has a twin bed, closet, private bathroom inside the room, a TV screen with complimentary Netflix, WiFi, an electric kettle, 2 mugs, instant coffee jar, tea bags, sweeteners, mini fridge, cloths iron/steamer, hair dryer, hands liquid soap, toilet paper and complimentary small bottles of shampoo, co","Roma Norte, the center of Mexico City's artistic and culinary spirit, is home to cycling hipsters and a growing number of young professionals.  Its leafy central avenue, Álvaro Obregón, is lined with eclectic restaurants, sidewalk bars, and restored mansions;  one of these houses the cultural center Casa Lamm.  Food lovers often visit the international food stalls of Mercado Roma, while the avenues are lined with street art.",https://a0.muscache.com/pictures/miso/Hosting-52557368/original/9c8073e6-63ef-41bd-9ee3-9ac7eb8ca0c9.png,https://www.airbnb.com/users/show/93911392,Andres,2016-09-06,"Mexico City, Mexico",--,within an hour,100%,98%,f,https://a0.muscache.com/im/pictures/user/ce77741a-dfc8-434f-aa1b-6b54ee214e3a.jpg?aki_policy=profile_small,https://a0.muscache.com/im/pictures/user/ce77741a-dfc8-434f-aa1b-6b54ee214e3a.jpg?aki_policy=profile_x_medium,Roma Norte,"['email', 'phone']",t,t,"Mexico City, Ciudad de México, Mexico",Cuauhtémoc,Private room,Private room,1 private bath,"[""Smoke alarm"", ""Free street parking"", ""Hot water kettle"", ""Long term stays allowed"", ""Coffee"", ""Laundromat nearby"", ""Security cameras on property"", ""Dedicated workspace"", ""Essentials"", ""Mini fridge"", ""Iron"", ""Microwave"", ""32\"" HDTV with Netflix, Roku"", ""Hot water"", ""Keypad"", ""Lock on bedroom door"", ""Hair dryer"", ""Shower gel"", ""Portable fans"", ""Hangers"", ""Room-darkening shades"", ""Fire extinguisher"", ""First aid kit"", ""Self check-in"", ""Bed linens"", ""Private entrance"", ""Wifi"", ""Clothing storage: closet"", ""Carbon monoxide alarm"", ""Shampoo""]",$640.00,t,2023-03-30,2021-10-17,2023-03-12,f
13674,52557770.0,20230329041210,93911392,0.0,0.0,0.0,19.41334,-99.16086,2.0,0.0,1.0,1.0,2.0,31.0,2.0,2.0,1125.0,1125.0,2.0,1125.0,0.0,29.0,59.0,89.0,89.0,49.0,35.0,4.0,4.9,4.9,4.96,4.98,5.0,4.96,4.82,0.0,7.0,1.0,0.0,0.0,2.76,https://www.airbnb.com/rooms/52557770,2023-03-30,city scrape,Peaceful Suite in the heart of Roma Norte (pink),"Besides residential buildings, the neighbourhood streets of ""La Roma"" are lined with restaurants, bars, clubs, shops, cultural centers, churches and galleries. Roma was designated as a ""Barrio Mágico"" (""magical neighborhood"") by the city in 2011. Few blocks from grocery stores, coffee shops and less than 1 mile from Parque México, El Plaza Condesa, Cine Tonala, Museo de Cera, Arena México, Ángel de La Independencia, La Teatrería, Corredor Cultural Roma-Condesa and Foro Shakespeare.<br /><br /><b>The space</b><br />Is an individual room located in the second floor of a 3 story building.  <br />The room is located on second floor the left hand aisle where other 3 rooms are located.<br />The room has a twin bed, closet, private bathroom inside the room, a TV screen with complimentary Netflix, WiFi, an electric kettle, 2 mugs, instant coffee jar, tea bags, sweeteners, mini fridge, cloths iron/steamer, hair dryer, hands liquid soap, toilet paper and complimentary small bottles of shampoo, c","Roma Norte, the center of Mexico City's artistic and culinary spirit, is home to cycling hipsters and a growing number of young professionals.  Its leafy central avenue, Álvaro Obregón, is lined with eclectic restaurants, sidewalk bars, and restored mansions;  one of these houses the cultural center Casa Lamm.  Food lovers often visit the international food stalls of Mercado Roma, while the avenues are lined with street art.",https://a0.muscache.com/pictures/046f7d83-db6d-445c-92f2-661738878d70.jpg,https://www.airbnb.com/users/show/93911392,Andres,2016-09-06,"Mexico City, Mexico",--,within an hour,100%,98%,f,https://a0.muscache.com/im/pictures/user/ce77741a-dfc8-434f-aa1b-6b54ee214e3a.jpg?aki_policy=profile_small,https://a0.muscache.com/im/pictures/user/ce77741a-dfc8-434f-aa1b-6b54ee214e3a.jpg?aki_policy=profile_x_medium,Roma Norte,"['email', 'phone']",t,t,"Mexico City, Ciudad de México, Mexico",Cuauhtémoc,Private room,Private room,1 private bath,"[""Smoke alarm"", ""Free street parking"", ""Hot water kettle"", ""Long term stays allowed"", ""Coffee"", ""Laundromat nearby"", ""Security cameras on property"", ""Dedicated workspace"", ""Essentials"", ""Mini fridge"", ""Iron"", ""Microwave"", ""Hot water"", ""Keypad"", ""Lock on bedroom door"", ""Hair dryer"", ""Shower gel"", ""Portable fans"", ""Hangers"", ""Room-darkening shades"", ""Fire extinguisher"", ""First aid kit"", ""Self check-in"", ""Bed linens"", ""Private entrance"", ""32\"" HDTV with Roku, Netflix"", ""Wifi"", ""Clothing storage: closet"", ""Carbon monoxide alarm"", ""Shampoo""]",$733.00,t,2023-03-30,2021-10-15,2023-03-26,f
13680,52558024.0,20230329041210,93911392,0.0,0.0,0.0,19.41389,-99.1629,2.0,0.0,1.0,1.0,2.0,31.0,2.0,2.0,1125.0,1125.0,2.0,1125.0,0.0,28.0,58.0,88.0,88.0,57.0,38.0,3.0,4.81,4.86,4.91,4.98,4.98,5.0,4.63,0.0,7.0,1.0,0.0,0.0,3.21,https://www.airbnb.com/rooms/52558024,2023-03-30,city scrape,Magnificent Suite in the heart of Roma (yellow),"Besides residential buildings, the neighbourhood streets of ""La Roma"" are lined with restaurants, bars, clubs, shops, cultural centers, churches and galleries. Roma was designated as a ""Barrio Mágico"" (""magical neighborhood"") by the city in 2011. Few blocks from grocery stores, coffee shops and less than 1 mile from Parque México, El Plaza Condesa, Cine Tonala, Museo de Cera, Arena México, Ángel de La Independencia, La Teatrería, Corredor Cultural Roma-Condesa and Foro Shakespeare.<br /><br /><b>The space</b><br />Is an individual room located in the second floor of a 3 story building. <br />The room is located on second floor the left hand aisle where other 3 rooms are located.<br />The room has a twin bed, closet, private bathroom inside the room, a TV screen with complimentary Netflix, WiFi, an electric kettle, 2 mugs, instant coffee jar, tea bags, sweeteners, mini fridge, cloths iron/steamer, hair dryer, hands liquid soap, toilet paper and complimentary small bottles of shampoo, co","Roma Norte, the center of Mexico City's artistic and culinary spirit, is home to cycling hipsters and a growing number of young professionals.  Its leafy central avenue, Álvaro Obregón, is lined with eclectic restaurants, sidewalk bars, and restored mansions;  one of these houses the cultural center Casa Lamm.  Food lovers often visit the international food stalls of Mercado Roma, while the avenues are lined with street art.",https://a0.muscache.com/pictures/779d2bd6-e790-4f65-b2b6-74f9ea81c4ca.jpg,https://www.airbnb.com/users/show/93911392,Andres,2016-09-06,"Mexico City, Mexico",--,within an hour,100%,98%,f,https://a0.muscache.com/im/pictures/user/ce77741a-dfc8-434f-aa1b-6b54ee214e3a.jpg?aki_policy=profile_small,https://a0.muscache.com/im/pictures/user/ce77741a-dfc8-434f-aa1b-6b54ee214e3a.jpg?aki_policy=profile_x_medium,Roma Norte,"['email', 'phone']",t,t,"Mexico City, Ciudad de México, Mexico",Cuauhtémoc,Private room,Private room,1 private bath,"[""Smoke alarm"", ""Free street parking"", ""Hot water kettle"", ""Long term stays allowed"", ""Coffee"", ""Laundromat nearby"", ""Security cameras on property"", ""Dedicated workspace"", ""Essentials"", ""Mini fridge"", ""Iron"", ""Microwave"", ""32\"" HDTV with Netflix, Roku"", ""Hot water"", ""Keypad"", ""Lock on bedroom door"", ""Hair dryer"", ""Shower gel"", ""Portable fans"", ""Hangers"", ""Clothing storage"", ""Room-darkening shades"", ""Fire extinguisher"", ""First aid kit"", ""Self check-in"", ""Bed linens"", ""Private entrance"", ""Wifi"", ""Carbon monoxide alarm"", ""Shampoo""]",$712.00,t,2023-03-30,2021-10-14,2023-03-19,f
13713,52536577.0,20230329041210,93911392,0.0,0.0,0.0,19.41382,-99.1627,2.0,0.0,1.0,1.0,2.0,31.0,2.0,2.0,1125.0,1125.0,2.0,1125.0,0.0,30.0,60.0,90.0,90.0,64.0,41.0,1.0,4.88,4.92,4.98,4.97,4.98,5.0,4.89,0.0,7.0,1.0,0.0,0.0,3.6,https://www.airbnb.com/rooms/52536577,2023-03-30,city scrape,Serenity Suite in the Heart Roma Norte (Blue),"Besides residential buildings, the neighbourhood streets of ""La Roma"" are lined with restaurants, bars, clubs, shops, cultural centers, churches and galleries. Roma was designated as a ""Barrio Mágico"" (""magical neighborhood"") by the city in 2011. Few blocks from grocery stores, coffee shops and less than 1 mile from Parque México, El Plaza Condesa, Cine Tonala, Museo de Cera, Arena México, Ángel de La Independencia, La Teatrería, Corredor Cultural Roma-Condesa and Foro Shakespeare.<br /><br /><b>The space</b><br />Is an individual room located in the second floor of a 3 story building.<br />The room is located on second floor the left hand aisle where other 3 rooms are located.<br />The room has a twin bed, closet, private bathroom inside the room, a small leaving room with a sofa, a TV screen with complimentary Netflix, WiFi, an electric kettle, 2 mugs, instant coffee jar, tea bags, sweeteners, mini fridge, cloths iron/steamer, hair dryer, hands liquid soap, toilet paper and complimen","Roma Norte, the center of Mexico City's artistic and culinary spirit, is home to cycling hipsters and a growing number of young professionals.  Its leafy central avenue, Álvaro Obregón, is lined with eclectic restaurants, sidewalk bars, and restored mansions;  one of these houses the cultural center Casa Lamm.  Food lovers often visit the international food stalls of Mercado Roma, while the avenues are lined with street art.",https://a0.muscache.com/pictures/38fd03ae-dac6-4d73-b3d9-c09985da8a36.jpg,https://www.airbnb.com/users/show/93911392,Andres,2016-09-06,"Mexico City, Mexico",--,within an hour,100%,98%,f,https://a0.muscache.com/im/pictures/user/ce77741a-dfc8-434f-aa1b-6b54ee214e3a.jpg?aki_policy=profile_small,https://a0.muscache.com/im/pictures/user/ce77741a-dfc8-434f-aa1b-6b54ee214e3a.jpg?aki_policy=profile_x_medium,Roma Norte,"['email', 'phone']",t,t,"Mexico City, Ciudad de México, Mexico",Cuauhtémoc,Private room,Private room,1 private bath,"[""Smoke alarm"", ""Free street parking"", ""Hot water kettle"", ""Conditioner"", ""Long term stays allowed"", ""Laundromat nearby"", ""Security cameras on property"", ""Essentials"", ""Dedicated workspace"", ""Mini fridge"", ""Iron"", ""Microwave"", ""Hot water"", ""Keypad"", ""Lock on bedroom door"", ""Hair dryer"", ""Shower gel"", ""Portable fans"", ""Hangers"", ""Room-darkening shades"", ""Fire extinguisher"", ""First aid kit"", ""Self check-in"", ""Bed linens"", ""Private entrance"", ""32\"" HDTV with Roku, Netflix"", ""Wifi"", ""Clothing storage: closet"", ""Carbon monoxide alarm"", ""Body soap"", ""Shampoo""]",$739.00,t,2023-03-30,2021-10-14,2023-02-28,f
14804,53805586.0,20230329041210,248524358,6.0,6.0,0.0,19.38331,-99.16172,1.0,0.0,1.0,1.0,1.0,1125.0,1.0,1.0,1125.0,1125.0,1.0,1125.0,0.0,30.0,60.0,90.0,360.0,1.0,1.0,0.0,0.0,0.0,5.0,0.0,0.0,0.0,0.0,0.0,5.0,0.0,5.0,0.0,0.14,https://www.airbnb.com/rooms/53805586,2023-03-30,city scrape,Habitación No. 5,"Excelente lugar,recamara con  mejor ubicacion de la cdmx,cerca del  WTC  ,  avenidas principales  como insurgentes , viaducto ,cuauhtemoc, xola  , gabriel mancera ,  plazas como  galerias insurgentes  , parque delta , plaza coyoacan , plaza universidad , excelente para personas que visitan  nuestra ciudad ya sea de trabajo o de  paseo .<br />Ideal para estudiantes , personas de trabajo, para chicos que buscan homestay <br />es una Recamara independiente al departamento  solo es  recamara,  no tiene cocina<br /><br /><b>The space</b><br />Habitación  con cama Queen size ,area trabajo, muy cómoda  ,tocador espejo  refrigerador, cafetera   baño completo   en el pasillo, excelente ventilación  ,cerca de hospitales, centros comerciales,  metros etc.<br />es una Recamara independiente al departamento , no tiene cocina,  solo es recamara,  no hay ventanas. .la puerta es grande  ancha<br /><br /><b>Guest access</b><br />cuenta con un recibidor en la planta baja, patio.<br />el baño es comparti","plazas comerciales   , jardines  , tiendas de auto servicio , restaurantes  ,avenidas principales,  museos , están muy cerca , es una excelente  zona",https://a0.muscache.com/pictures/6a7dac70-7afa-46f2-a984-5fa80ebd6fc3.jpg,https://www.airbnb.com/users/show/248524358,Patricia,2019-03-12,"Mexico City, Mexico",Soy agradable    servicial  atenta y respetuosa,within an hour,100%,100%,f,https://a0.muscache.com/im/pictures/user/a352f73b-7721-48a8-a7c4-9a12475e0c57.jpg?aki_policy=profile_small,https://a0.muscache.com/im/pictures/user/a352f73b-7721-48a8-a7c4-9a12475e0c57.jpg?aki_policy=profile_x_medium,Acozac,"['email', 'phone']",t,t,"Mexico City, Ciudad de México, Mexico",Benito Juárez,Private room,Private room,1 shared bath,"[""Ethernet connection"", ""Free street parking"", ""Hot water kettle"", ""Luggage dropoff allowed"", ""Conditioner"", ""Long term stays allowed"", ""Cleaning products"", ""Board games"", ""Toaster"", ""Coffee"", ""Laundromat nearby"", ""Children\u2019s dinnerware"", ""Essentials"", ""Dedicated workspace"", ""Extra pillows and blankets"", ""Oven"", ""Mini fridge"", ""Iron"", ""Microwave"", ""Hot water"", ""Wifi \u2013 44 Mbps"", ""Lock on bedroom door"", ""Hair dryer"", ""HDTV"", ""Portable fans"", ""Lockbox"", ""Hangers"", ""Room-darkening shades"", ""Fire extinguisher"", ""Kitchen"", ""First aid kit"", ""Freezer"", ""Coffee maker: drip coffee maker"", ""Self check-in"", ""Books and reading material"", ""Bed linens"", ""Private living room"", ""Children\u2019s books and toys"", ""Free washer \u2013 In building"", ""Dishes and silverware"", ""Body soap"", ""Shampoo""]",$514.00,t,2023-03-30,2022-08-31,2022-08-31,f
14918,54106290.0,20230329041210,438593737,4.0,4.0,0.0,19.3548,-99.16817,2.0,0.0,1.0,1.0,1.0,28.0,1.0,1.0,1125.0,1125.0,1.0,1125.0,0.0,22.0,51.0,81.0,354.0,23.0,10.0,0.0,4.61,4.83,4.65,4.96,4.78,4.96,4.57,0.0,4.0,1.0,3.0,0.0,1.56,https://www.airbnb.com/rooms/54106290,2023-03-30,city scrape,Habitación en edificio histórico - Coyoacán,"Private room with bathroom in historic building. A few minutes walk from the center of Coyoacán and Frida Khalo's house. It is located in a yoga and meditation center.<br /><br /><b>The space</b><br />Private room with its own bathroom (not shared). The room has a double bed.<br /><br /><b>Guest access</b><br />There is free street parking. The area is very comfortable for strolling, walking, nearby there are several bars, cafes and restaurants.<br /><br /><b>Other things to note</b><br />Smoking in the facilities is forbidden, as well as organizing parties or receiving visitors.<br /><br />WHEN YOUR RESERVATION IS CONFIRMED, YOU WILL BE ASKED TO SEND PHOTOS OF YOUR OFFICIAL IDENTIFICATIONS. IT IS A REQUIREMENT OF THE BUILDING MANAGEMENT SO YOU WILL NOT BE GIVEN ACCESS OR CHECK IN INFORMATION IF THEY ARE NOT SENT. WE APPRECIATE YOUR UNDERSTANDING!",--,https://a0.muscache.com/pictures/miso/Hosting-54106290/original/e811b164-0061-4e34-94dc-e878117e8fa6.jpeg,https://www.airbnb.com/users/show/438593737,Mina Xxxll,2022-01-02,--,--,within an hour,100%,99%,t,https://a0.muscache.com/im/pictures/user/ba366f90-a5a9-4b70-baba-1ab6aec56111.jpg?aki_policy=profile_small,https://a0.muscache.com/im/pictures/user/ba366f90-a5a9-4b70-baba-1ab6aec56111.jpg?aki_policy=profile_x_medium,--,"['email', 'phone']",t,t,--,Coyoacán,Private room,Private room,1 private bath,"[""Wifi"", ""Shower gel"", ""Cleaning available during stay"", ""Shared backyard"", ""Free street parking"", ""Luggage dropoff allowed"", ""Essentials"", ""Host greets you"", ""Hot water"", ""Room-darkening shades"", ""Long term stays allowed"", ""Lock on bedroom door"", ""Security cameras on property"", ""Body soap"", ""Courtyard view"", ""Bed linens"", ""Shampoo""]","$1,491.00",t,2023-03-30,2022-01-12,2022-06-26,t
15030,54194769.0,20230329041210,282436180,2.0,2.0,0.0,19.45267,0.0,1.0,0.0,3.0,1.0,1.0,365.0,1.0,1.0,365.0,0.0,1.0,365.0,0.0,30.0,60.0,90.0,365.0,0.0,0.0,0.0,0.0,0.0,0.0,0.0,0.0,0.0,0.0,0.0,2.0,0.0,2.0,0.0,0.0,https://www.airbnb.com/rooms/54194769,2023-03-29,city scrape,Recámara independiente cerca aeropuerto,"Descansará en habiente tranquilo, limpio y  comodo con opción a recibir alimentos",--,https://a0.muscache.com/pictures/ec941882-abc0-4c88-a731-c8e5f80b4368.jpg,https://www.airbnb.com/users/show/282436180,Jess,2019-08-04,--,--,within a few hours,100%,65%,f,https://a0.muscache.com/im/pictures/user/a9dbedd6-838e-4e7d-b4c6-f18c0d0de09e.jpg?aki_policy=profile_small,https://a0.muscache.com/im/pictures/user/a9dbedd6-838e-4e7d-b4c6-f18c0d0de09e.jpg?aki_policy=profile_x_medium,--,['phone'],t,f,--,Gustavo A. Madero,Private room,Private room,1 shared bath,"[""BBQ grill"", ""HDTV with Netflix"", ""Cleaning products"", ""Outdoor dining area"", ""Security cameras on property"", ""Generico body soap"", ""Dedicated workspace"", ""Essentials"", ""Extra pillows and blankets"", ""Hot water"", ""Free parking on premises"", ""Stainless steel stove"", ""Cooking basics"", ""Refrigerator"", ""Kitchen"", ""Blender"", ""Freezer"", ""Bed linens"", ""Wifi"", ""Dishes and silverware"", ""Clothing storage: closet""]",$400.00,t,2023-03-29,--,--,f
15092,54215774.0,20230329041210,439419001,2.0,2.0,0.0,19.37657,-99.16506,1.0,0.0,1.0,1.0,1.0,3.0,1.0,1.0,3.0,0.0,1.0,0.0,0.0,27.0,57.0,87.0,362.0,7.0,2.0,0.0,5.0,5.0,5.0,5.0,5.0,5.0,5.0,0.0,2.0,0.0,2.0,0.0,0.5,https://www.airbnb.com/rooms/54215774,2023-03-30,city scrape,"Amplio y cómodo cuarto, con amplias instalaciones","Bonito, cómodo y amplio cuarto, con baño propio, escritorio y televisión. <br /><br />Está localizado en la Col. Del Valle, una colonia agradable, tranquila y segura sin tanto bullicio,  con varias vialidades de salida, transporte muy cercano, 2 estaciones de metro, 2 lineas del metrobús. <br /><br />Está a dos cuadras un Mega Soriana y un Chedrahui, centros comerciales muy cerca, restaurantes de todo tipo. <br /><br />Hay dos parques a 2 cuadras de distancia.<br /><br />El edificio cuenta con seguridad 24 hrs y tiene elevador.","Parques, centro comerciales, seguridad, restaurantes, muy conectado",https://a0.muscache.com/pictures/miso/Hosting-54215774/original/de56b05c-6a82-43de-a0d1-12370b2a2f3f.jpeg,https://www.airbnb.com/users/show/439419001,Hector,2022-01-07,--,"Fotógrafo, me gusta investigar nuevas teorías de ver y disfrutar la vida",within an hour,100%,38%,f,https://a0.muscache.com/im/pictures/user/8ba4f127-0319-46bd-a62e-909394f7201c.jpg?aki_policy=profile_small,https://a0.muscache.com/im/pictures/user/8ba4f127-0319-46bd-a62e-909394f7201c.jpg?aki_policy=profile_x_medium,--,"['email', 'phone']",t,t,"Mexico City, Ciudad de México, Mexico",Benito Juárez,Private room,Private room,1.5 baths,"[""Stainless steel oven"", ""Free street parking"", ""Hot water kettle"", ""Luggage dropoff allowed"", ""Long term stays allowed"", ""Wine glasses"", ""Dining table"", ""Laundromat nearby"", ""Host greets you"", ""Dedicated workspace"", ""Essentials"", ""Extra pillows and blankets"", ""Bluetooth sound system"", ""Mini fridge"", ""Iron"", ""Clothing storage: closet and wardrobe"", ""Microwave"", ""Lock on bedroom door"", ""Stainless steel stove"", ""Hair dryer"", ""Free parking on premises"", ""Cooking basics"", ""Elevator"", ""Washer"", ""Drying rack for clothing"", ""Refrigerator"", ""Hangers"", ""Room-darkening shades"", ""Kitchen"", ""Blender"", ""Smoking allowed"", ""First aid kit"", ""Freezer"", ""106\"" HDTV"", ""Books and reading material"", ""Coffee maker"", ""Private patio or balcony"", ""Record player"", ""Private living room"", ""Wifi"", ""Bikes"", ""Dishes and silverware"", ""Dryer""]",$450.00,t,2023-03-30,2022-02-04,2022-05-03,f
15357,0.0,20230329041210,438593737,4.0,4.0,0.0,19.3563,-99.16654,2.0,0.0,1.0,1.0,1.0,28.0,1.0,1.0,1125.0,1125.0,1.0,1125.0,0.0,18.0,48.0,78.0,348.0,21.0,8.0,0.0,4.62,4.81,4.81,4.95,4.86,4.95,4.86,0.0,4.0,1.0,3.0,0.0,1.52,https://www.airbnb.com/rooms/553083098922336232,2023-03-30,city scrape,Habitación privada en edificio histórico,"Private room with bathroom in historic building. A few minutes walking from the center of Coyoacán and Frida Khalo's house. It's located in a yoga and meditation center. Enjoy an easy access to downtown Coyoacán and popular restaurants from this charming place to stay.<br /><br /><b>The space</b><br />There is free street parking. The area is very comfortable for strolling, walking, nearby there are several bars, cafes and restaurants.<br /><br /><b>Guest access</b><br />Smoking in the facilities is forbidden, as well as organizing parties or receiving visitors.<br /><br />WHEN YOUR RESERVATION IS CONFIRMED, YOU WILL BE ASKED TO SEND PHOTOS OF YOUR OFFICIAL IDENTIFICATIONS. IT IS A REQUIREMENT OF THE BUILDING MANAGEMENT SO YOU WILL NOT BE GIVEN ACCESS OR CHECK IN INFORMATION IF THEY ARE NOT SENT. WE APPRECIATE YOUR UNDERSTANDING!",--,https://a0.muscache.com/pictures/miso/Hosting-553083098922336232/original/980fb953-15fd-4172-b0c7-9ed790a934c5.jpeg,https://www.airbnb.com/users/show/438593737,Mina Xxxll,2022-01-02,--,--,within an hour,100%,99%,t,https://a0.muscache.com/im/pictures/user/ba366f90-a5a9-4b70-baba-1ab6aec56111.jpg?aki_policy=profile_small,https://a0.muscache.com/im/pictures/user/ba366f90-a5a9-4b70-baba-1ab6aec56111.jpg?aki_policy=profile_x_medium,--,"['email', 'phone']",t,t,--,Coyoacán,Private room,Private room,1 private bath,"[""Wifi"", ""Shower gel"", ""Free street parking"", ""Luggage dropoff allowed"", ""Conditioner"", ""Essentials"", ""Host greets you"", ""Hot water"", ""Room-darkening shades"", ""Clothing storage"", ""Long term stays allowed"", ""Lock on bedroom door"", ""Security cameras on property"", ""Body soap"", ""Courtyard view"", ""Bed linens"", ""Shampoo""]","$1,491.00",t,2023-03-30,2022-02-10,2022-11-13,t
16016,0.0,20230329041210,400461338,4.0,18.0,0.0,19.37866,-99.16659,2.0,0.0,1.0,1.0,1.0,1125.0,1.0,1.0,1125.0,1125.0,1.0,1125.0,0.0,0.0,0.0,0.0,250.0,38.0,36.0,0.0,4.95,4.92,4.95,4.89,4.92,4.97,4.84,0.0,1.0,0.0,1.0,0.0,3.08,https://www.airbnb.com/rooms/588691122570170579,2023-03-30,city scrape,Habitación privada con baño privado Col.Del Valle,"Disfruta de la calidez de esta habitación en un lugar muy céntrico.  <br />La habitación esta equipada con lo necesario para que solo te preocupes de pasar un gran momento en CDMX<br /><br />Ubicado en la colonia Del Valle a unas cuadras de Ave. Insurgentes.  Esta colonia es muy segura.<br /><br />Encontrarás todo tipo de transporte público, desde una bicicleta hasta el metro.<br /><br />Cerca hay una gran variedad de ofertas gastronómicas, a solo unos pasos.<br /><br /><b>Guest access</b><br />Todas las amenidades",--,https://a0.muscache.com/pictures/miso/Hosting-588691122570170579/original/d3dcecd7-4745-4e53-adf7-c9b635072b04.jpeg,https://www.airbnb.com/users/show/400461338,Guadalupe,2021-05-07,"Mexico City, Mexico",--,--,--,100%,t,https://a0.muscache.com/im/pictures/user/c07eaeab-335d-4e59-9ae9-adc57eadfd40.jpg?aki_policy=profile_small,https://a0.muscache.com/im/pictures/user/c07eaeab-335d-4e59-9ae9-adc57eadfd40.jpg?aki_policy=profile_x_medium,--,"['email', 'phone']",t,t,--,Benito Juárez,Private room,Private room,1 private bath,"[""Free street parking"", ""Luggage dropoff allowed"", ""Shared patio or balcony"", ""Cleaning products"", ""Security cameras on property"", ""Dedicated workspace"", ""Essentials"", ""Iron"", ""Microwave"", ""Hot water"", ""Keypad"", ""Lock on bedroom door"", ""32\"" HDTV with Roku"", ""Hair dryer"", ""Portable fans"", ""Refrigerator"", ""Hangers"", ""Room-darkening shades"", ""Fire extinguisher"", ""First aid kit"", ""Self check-in"", ""Coffee maker"", ""Bed linens"", ""Private living room"", ""Wifi"", ""Dishes and silverware"", ""Dryer"", ""Shampoo""]",$771.00,t,2023-03-30,2022-03-26,2023-01-01,f
16934,0.0,20230329041210,66387078,0.0,0.0,0.0,19.430712,-99.163963,1.0,0.0,1.0,1.0,1.0,20.0,1.0,2.0,20.0,0.0,1.3,0.0,0.0,27.0,57.0,87.0,87.0,17.0,17.0,1.0,4.76,4.94,4.88,4.94,4.82,4.94,4.76,0.0,0.0,0.0,0.0,0.0,1.64,https://www.airbnb.com/rooms/626030751286540949,2023-03-29,city scrape,R1A1 MEN Room on the Rooftop Zona Rosa/Embasy,"For men only. Small Room 6m2 with 1 soft and comfortable single bed with free Wi-Fi one block from Zona Rosa and 2 blocks from the US Embassy<br /><br /><b>The space</b><br />The room is on the roof of the building, it is a covered roof but to access the bathroom and the kitchen you go outdoors, it is an adapted roof but it is not insulated from heat, cold or rain even so inside the room is comfortable considering it is a rooftop room.<br /><br />🔵 Private Rooftop Room and Shared Common Areas<br /><br /><b>Other things to note</b><br />Ideal if you are young, you come on a trip and you are just looking for a space to rest at a good price with an excellent location close to most of the areas of interest in Mexico City, the building is very quiet and peaceful<br /><br />Shared bathroom and kitchen with another similar room",--,https://a0.muscache.com/pictures/miso/Hosting-626030751286540949/original/4be1ffec-5e07-4ac5-8e08-d2f1e5caf176.jpeg,https://www.airbnb.com/users/show/66387078,Iker,2016-04-08,--,--,within an hour,99%,100%,t,https://a0.muscache.com/im/pictures/user/56ade75c-71ce-4e40-a92f-13a22806b918.jpg?aki_policy=profile_small,https://a0.muscache.com/im/pictures/user/56ade75c-71ce-4e40-a92f-13a22806b918.jpg?aki_policy=profile_x_medium,Colonia Cuauhtémoc,"['email', 'phone']",t,t,--,Cuauhtémoc,Private room,Private room,1 shared bath,"[""Ethernet connection"", ""Luggage dropoff allowed"", ""Long term stays allowed"", ""Dining table"", ""Dedicated workspace"", ""Essentials"", ""Extra pillows and blankets"", ""Iron"", ""Microwave"", ""Hot water"", ""Lock on bedroom door"", ""Stove"", ""Pocket wifi"", ""Hair dryer"", ""Cooking basics"", ""Heating"", ""Portable fans"", ""Refrigerator"", ""Hangers"", ""Clothing storage"", ""Kitchen"", ""Freezer"", ""Self check-in"", ""Bed linens"", ""Wifi"", ""Paid parking off premises"", ""Outdoor shower"", ""Dishes and silverware"", ""Paid washer"", ""Dryer"", ""Body soap"", ""Smart lock"", ""Shampoo""]",$243.00,t,2023-03-29,2022-05-23,2023-03-10,t
16935,0.0,20230329041210,66387078,0.0,0.0,0.0,19.43176,-99.16445,1.0,0.0,1.0,1.0,1.0,20.0,1.0,2.0,20.0,0.0,1.3,0.0,0.0,28.0,58.0,88.0,88.0,5.0,5.0,1.0,4.4,4.4,4.4,0.0,4.4,5.0,4.8,0.0,0.0,0.0,0.0,0.0,0.5,https://www.airbnb.com/rooms/626043554073706930,2023-03-29,city scrape,R1A2 MEN Room on the Rooftop Zona Rosa/Embasy,"For MEN only. Small Room 6m2 on the rooftop (azotea) with 1 soft and comfortable single bed with free Wi-Fi one block from Zona Rosa and 2 blocks from the US Embassy<br /><br /><b>The space</b><br />The room is on the roof of the building, it is a covered roof but to access the bathroom and the kitchen you go outdoors, it is an adapted roof but it is not insulated from heat, cold or rain even so inside the room is comfortable considering it is a rooftop room.<br /><br />🔵 Private Rooftop Room and Shared Common Areas<br /><br /><b>Other things to note</b><br />Ideal if you are young, you come on a trip and you are just looking for a space to rest at a good price with an excellent location close to most of the areas of interest in Mexico City, the building is very quiet and peaceful<br /><br />Shared bathroom and kitchen with another similar room",--,https://a0.muscache.com/pictures/miso/Hosting-626043554073706930/original/53fc2f72-23df-413b-a78e-bfe3500462bd.jpeg,https://www.airbnb.com/users/show/66387078,Iker,2016-04-08,--,--,within an hour,99%,100%,t,https://a0.muscache.com/im/pictures/user/56ade75c-71ce-4e40-a92f-13a22806b918.jpg?aki_policy=profile_small,https://a0.muscache.com/im/pictures/user/56ade75c-71ce-4e40-a92f-13a22806b918.jpg?aki_policy=profile_x_medium,Colonia Cuauhtémoc,"['email', 'phone']",t,t,--,Cuauhtémoc,Private room,Private room,1 shared bath,"[""Ethernet connection"", ""Luggage dropoff allowed"", ""Long term stays allowed"", ""Dining table"", ""Dedicated workspace"", ""Essentials"", ""Extra pillows and blankets"", ""Iron"", ""Microwave"", ""Hot water"", ""Lock on bedroom door"", ""Stove"", ""Pocket wifi"", ""Hair dryer"", ""Cooking basics"", ""Heating"", ""Portable fans"", ""Refrigerator"", ""Hangers"", ""Clothing storage"", ""Kitchen"", ""Freezer"", ""Self check-in"", ""Bed linens"", ""Wifi"", ""Paid parking off premises"", ""Outdoor shower"", ""Dishes and silverware"", ""Paid washer"", ""Dryer"", ""Body soap"", ""Smart lock"", ""Shampoo""]",$234.00,t,2023-03-29,2022-05-31,2023-02-27,t
17154,0.0,20230329041210,283357024,2.0,3.0,0.0,19.429880142211918,-99.15309143066406,2.0,0.0,1.0,1.0,2.0,15.0,1.0,2.0,3.0,0.0,1.8,0.0,0.0,30.0,60.0,90.0,365.0,0.0,0.0,0.0,0.0,0.0,0.0,0.0,0.0,0.0,0.0,0.0,2.0,0.0,2.0,0.0,0.0,https://www.airbnb.com/rooms/638322168675289225,2023-03-30,city scrape,Guest Rooms Proyecto Público Prim,"Inside a 20th-century historical building in the heart of the alluring Colonia Juarez, Proyecto Público PRIM is a multidisciplinary cultural space that offers six Guest Rooms. A destination for anyone looking for a tailor-made experience, surrounded by the contemporary Mexican scene and our cultural-multidisciplinary spirit.<br /><br /><b>The space</b><br />The room decor taps into neo-colonial architecture; it features two floors: A living room, a private bathroom on the ground floor, and a king bed on the top floor. The room has a small balcony with a view of General Prim St.<br /><br /><b>Guest access</b><br />The project comprises three restored 20th-century properties on General Prim Street 30, 32 & 34 in Colonia Juarez, CDMX. <br />Our Guest Rooms have private access on the second floor of  General Prim Street #34.<br /><br /><b>Other things to note</b><br />Proyecto Público PRIM is a beautiful space with a vibrant community and program.<br />Please remember we are a community, c","Proyecto Público PRIM es un espacio cultural multidisciplinario conformado por tres inmuebles restaurados del siglo XX ubicados en la Colonia Juárez, la colonia más acomodada de la CDMX de 1900. Juárez es la combinación perfecta de tradición histórica y ocio contemporáneo, hay algo para ver, hacer o probar cada dos cuadras: arquitectura neocolonial y de mediados de siglo, cafés elegantes, restaurantes frescos y tiendas de moda. Ubicado entre calles principales como Paseo de la Reforma, Insurgentes y Avenida Chapultepec, el vecindario tiene fácil acceso desde y hacia el resto de la ciudad. Un hermoso paseo por Reforma termina en el Parque de Chapultepec, uno de los parques urbanos más grandes del hemisferio occidental, y sus numerosos sitios y museos.",https://a0.muscache.com/pictures/miso/Hosting-638322168675289225/original/54c201d0-ec5f-484a-8672-019aed87426c.jpeg,https://www.airbnb.com/users/show/283357024,Proyecto Público Prim,2019-08-06,"Mexico City, Mexico","Inside a 20th-century historical building in the heart of the alluring Colonia Juárez, Proyecto Público PRIM is a beautiful space with a vibrant community and program that offers six Guest Rooms for tailor-made stays designed for people who are interested in staying in a historical building and being surrounded by the contemporary Mexican scene.",a few days or more,0%,44%,f,https://a0.muscache.com/im/pictures/user/51f926f1-f847-4b18-91ff-9a1a69bbd896.jpg?aki_policy=profile_small,https://a0.muscache.com/im/pictures/user/51f926f1-f847-4b18-91ff-9a1a69bbd896.jpg?aki_policy=profile_x_medium,--,"['email', 'phone']",t,f,"Mexico City, Ciudad de México, Mexico",Cuauhtémoc,Private room,Private room,1 private bath,"[""Laguna Cyprien shampoo"", ""Luggage dropoff allowed"", ""Shared patio or balcony"", ""Coffee"", ""Coffee maker: Nespresso"", ""Essentials"", ""Iron"", ""Safe"", ""Lock on bedroom door"", ""Outdoor furniture"", ""Hair dryer"", ""Laguna Cyprien body soap"", ""Cleaning available during stay"", ""Portable fans"", ""Laguna Cyprien conditioner"", ""Fire extinguisher"", ""First aid kit"", ""Self check-in"", ""Private entrance"", ""Wifi"", ""Smart lock""]","$3,000.00",t,2023-03-30,--,--,f
17251,0.0,20230329041210,463433619,3.0,4.0,0.0,19.41896,-99.15701,2.0,0.0,1.0,1.0,1.0,365.0,1.0,1.0,365.0,0.0,1.0,365.0,0.0,0.0,0.0,0.0,272.0,1.0,1.0,0.0,5.0,5.0,5.0,5.0,5.0,5.0,5.0,0.0,3.0,1.0,2.0,0.0,0.12,https://www.airbnb.com/rooms/645659504939063308,2023-03-30,city scrape,COMODA HABITACIÓN PRIVADA EN CASONA ROMA NORTE 02,"This place is extraordinary for living a unique experience in Mexico City. A small palace from 1911 welcomes you with its architectural beauty. Just restored a few years ago... this house ofers you lots of magical spots to hang out or work. The vintage funiture and artpieces tell stories that you will hardly find in any other lodging... don't miss it!<br /><br /><b>The space</b><br />The house has a very large living room, very confortable for reading or chilling. During the night you can watch movies in our huge screen as if you were in a cinema. There's tall steps to go to the kitchen and dining room and a metalic spiral staircase to go to the bedrooms. <br /><br />At your arrival you will find a table with the info of Wi-Fi.<br /><br /><b>Guest access</b><br />The common areas in the house such as living room, dining room and kitchen are shared with your hosts, but don't worry, we will always try to give you your space. The bedroom is totally private and no one will enter without yo","The house is located in one of the hipest and trendiest colonias fd the city: Roma Norte. You will find tons of restaurants, bars, galleries and parks to hang out ans have fun or just chill. Check out our guide of recomendations!<br />The area is very safe, you can walk during day and night with no problem. The police is always around.<br /><br />The people in the colonia is working people and very good neighbors. Always kind and respectful.",https://a0.muscache.com/pictures/miso/Hosting-645659504939063308/original/37ee681c-9580-49b0-b7f9-0f521a4486cd.jpeg,https://www.airbnb.com/users/show/463433619,Rodrigo,2022-06-09,--,--,within an hour,100%,82%,f,https://a0.muscache.com/im/pictures/user/a2ac59a6-bba2-4a2f-9f7e-a3327c70a073.jpg?aki_policy=profile_small,https://a0.muscache.com/im/pictures/user/a2ac59a6-bba2-4a2f-9f7e-a3327c70a073.jpg?aki_policy=profile_x_medium,--,"['email', 'phone']",t,t,"Mexico City, Ciudad de México, Mexico",Cuauhtémoc,Private room,Private room,1 private bath,"[""Ethernet connection"", ""Smoke alarm"", ""Hot water kettle"", ""Conditioner"", ""Long term stays allowed"", ""Wine glasses"", ""Cleaning products"", ""Dining table"", ""Coffee"", ""Host greets you"", ""Essentials"", ""Dedicated workspace"", ""Extra pillows and blankets"", ""Oven"", ""Coffee maker: espresso machine, french press"", ""Microwave"", ""Hot water"", ""Shampoo"", ""Lock on bedroom door"", ""TV"", ""Cooking basics"", ""Drying rack for clothing"", ""Refrigerator"", ""Hangers"", ""Room-darkening shades"", ""Fire extinguisher"", ""Kitchen"", ""Blender"", ""Smoking allowed"", ""First aid kit"", ""Freezer"", ""Fast wifi \u2013 52 Mbps"", ""Books and reading material"", ""Bed linens"", ""Gas stove"", ""Free washer \u2013 In unit"", ""Dishes and silverware"", ""Bathtub"", ""Body soap"", ""Clothing storage: wardrobe""]","$1,800.00",t,2023-03-30,2022-07-18,2022-07-18,f
18954,0.0,20230329041210,248524358,6.0,6.0,0.0,19.384374812501317,-99.16057594120502,1.0,0.0,1.0,1.0,1.0,1125.0,1.0,1.0,1125.0,1125.0,1.0,1125.0,0.0,30.0,60.0,90.0,365.0,1.0,1.0,0.0,5.0,5.0,5.0,5.0,5.0,5.0,5.0,0.0,5.0,0.0,5.0,0.0,0.28,https://www.airbnb.com/rooms/701263071082897782,2023-03-30,city scrape,Encantador loft,"Excelente lugar confortable que cuenta con : cama Queen, buro con lámpara , escritorio con silla ,cocineta, cafetera, parrilla eléctrica, vajilla para 2 personas ,vasos, sillón, baño privado, toallas parrilla elecrica <br />desayunador<br /><br /><b>The space</b><br />Se localiza cerca de  museos ,avenidas principales, plazas comerciales , parques ,metros, hospitales , edificios históricos<br />Estamos en avenida principal División del norte ,a unos pasos de la estación del camión,  a 5 minutos caminando al metro .<br />Cerca del WTC , tenemos restaurantes , taquerias  , cafeterías a 3 min caminando , en la esquina está un 7 eleven ,  oxxo<br /><br /><b>Guest access</b><br />acceso entrada principal ,que cuenta con una sala pequeña de espera ,excelente iluminaciony ambiente agradable<br /><br /><b>Other things to note</b><br />◆  Nuestro check in  es de. 3:00 pm a 5:00 pm <br />◆ Nuestra hora de salida es a las 11:00 a.m.<br />◆ Porfavor  organice su itinerario correctamente para asegu","Excelente ubicación,  con facilidad  de todo tipo de transporte, metro pecero,taxi uber ,camión,metro bus.<br />Diferentes centros comerciales,hospitales,farmacias,tiendas de autoservicio.<br />Amplia gama de restaurantes .<br />excelente zona con acceso para comida rápida uber o Didi<br />la zona cuenta con un amplio parque para realizar caminata o ejercicio<br />La Alcaldía Benito Juarez ,es  segura con un índice alto  en seguridad",https://a0.muscache.com/pictures/782fa955-b472-40ca-a6fa-1166245a673d.jpg,https://www.airbnb.com/users/show/248524358,Patricia,2019-03-12,"Mexico City, Mexico",Soy agradable    servicial  atenta y respetuosa,within an hour,100%,100%,f,https://a0.muscache.com/im/pictures/user/a352f73b-7721-48a8-a7c4-9a12475e0c57.jpg?aki_policy=profile_small,https://a0.muscache.com/im/pictures/user/a352f73b-7721-48a8-a7c4-9a12475e0c57.jpg?aki_policy=profile_x_medium,Acozac,"['email', 'phone']",t,t,"Mexico City, Ciudad de México, Mexico",Benito Juárez,Private room,Private room,1 private bath,"[""Free street parking"", ""Hot water kettle"", ""Long term stays allowed"", ""Cleaning products"", ""Laundromat nearby"", ""Children\u2019s dinnerware"", ""Essentials"", ""Dedicated workspace"", ""Extra pillows and blankets"", ""Mini fridge"", ""Iron"", ""Microwave"", ""Hot water"", ""Paid street parking off premises"", ""Lock on bedroom door"", ""Pocket wifi"", ""TV"", ""Hair dryer"", ""Cooking basics"", ""Shower gel"", ""Shared backyard"", ""Dove conditioner"", ""Portable fans"", ""Refrigerator"", ""Room-darkening shades"", ""Fire extinguisher"", ""First aid kit"", ""Freezer"", ""Books and reading material"", ""Bed linens"", ""Coffee maker"", ""Private entrance"", ""Children\u2019s books and toys"", ""Wifi"", ""Dishes and silverware"", ""Body soap"", ""Shampoo""]",$900.00,t,2023-03-30,2022-12-15,2022-12-15,f
